patient_id,patient_first_name,patient_last_name,doctor_id,appointment_date
P0132,Scott,Flores,Doctor 1,2022-12-31
P0239,Kevin,Gonzalez,Doctor 1,2022-12-31
P0060,Jerry,Evans,Doctor 1,2023-01-01
P0091,Patricia,Garcia,Doctor 1,2023-01-01
P0103,Joseph,Martin,Doctor 3,2023-01-01
P0176,Stephen,Chavez,Doctor 1,2023-01-01
P0235,Tyler,Perez,Doctor 3,2023-01-01
P0244,Sarah,Peterson,Doctor 1,2023-01-01
P0379,Gregory,Green,Doctor 2,2023-01-01
P0452,Gary,Ward,Doctor 1,2023-01-01
P0485,Kenneth,Garcia,Doctor 1,2023-01-01
P0033,Anna,Walker,Doctor 1,2023-01-02
P0215,Anna,Turner,Doctor 2,2023-01-02
P0219,Sharon,Anderson,Doctor 3,2023-01-02
P0265,Michael,Martinez,Doctor 1,2023-01-02
P0294,Betty,Hughes,Doctor 1,2023-01-02
P0302,Ronald,Morris,Doctor 3,2023-01-02
P0443,Laura,Baker,Doctor 3,2023-01-02
P0037,Sarah,Edwards,Doctor 2,2023-01-03
P0204,Scott,Rogers,Doctor 3,2023-01-03
P0283,Jason,Rogers,Doctor 3,2023-01-03
P0293,Sandra,Turner,Doctor 2,2023-01-03
P0298,Stephen,Myers,Doctor 2,2023-01-03
P0322,Michael,Watson,Doctor 2,2023-01-03
P0326,Michael,Ramirez,Doctor 3,2023-01-03
P0375,Deborah,Castillo,Doctor 3,2023-01-03
P0390,Justin,Ortiz,Doctor 1,2023-01-03
P0399,Lisa,Wilson,Doctor 2,2023-01-03
P0451,Ronald,James,Doctor 3,2023-01-03
P0490,Kimberly,Cruz,Doctor 3,2023-01-03
P0498,Ruth,Wilson,Doctor 2,2023-01-03
P0111,Kimberly,Morgan,Doctor 1,2023-01-04
P0127,Daniel,Bennett,Doctor 3,2023-01-04
P0152,Donna,Howard,Doctor 3,2023-01-04
P0190,Larry,Perez,Doctor 1,2023-01-04
P0192,James,Perez,Doctor 1,2023-01-04
P0193,Michael,Phillips,Doctor 1,2023-01-04
P0211,Amy,Brooks,Doctor 2,2023-01-04
P0167,Sarah,Kim,Doctor 1,2023-01-05
P0334,Michelle,Morales,Doctor 3,2023-01-05
P0354,Jessica,Alvarez,Doctor 3,2023-01-05
P0050,Helen,Clark,Doctor 2,2023-01-06
P0105,Edward,Price,Doctor 3,2023-01-06
P0119,Jacob,Parker,Doctor 2,2023-01-06
P0211,Amy,Brooks,Doctor 2,2023-01-06
P0261,Sarah,Morales,Doctor 1,2023-01-06
P0287,Jennifer,Stewart,Doctor 1,2023-01-06
P0315,Gary,Young,Doctor 3,2023-01-06
P0379,Gregory,Green,Doctor 2,2023-01-06
P0411,Jessica,Thomas,Doctor 1,2023-01-06
P0163,Kathleen,Phillips,Doctor 1,2023-01-07
P0288,Jennifer,Wood,Doctor 2,2023-01-07
P0080,Christopher,Mitchell,Doctor 3,2023-01-08
P0207,Justin,Nelson,Doctor 1,2023-01-08
P0281,Helen,Wood,Doctor 1,2023-01-08
P0429,Steven,Mendoza,Doctor 2,2023-01-08
P0022,Michelle,Kelly,Doctor 2,2023-01-09
P0051,Sarah,Cox,Doctor 2,2023-01-09
P0064,Donna,Clark,Doctor 3,2023-01-09
P0229,Frank,Moore,Doctor 2,2023-01-09
P0306,Sarah,Hill,Doctor 2,2023-01-09
P0354,Jessica,Alvarez,Doctor 3,2023-01-09
P0459,Barbara,Kelly,Doctor 2,2023-01-09
P0024,Samuel,Hughes,Doctor 2,2023-01-10
P0090,Amy,Torres,Doctor 2,2023-01-10
P0131,Angela,Lopez,Doctor 2,2023-01-10
P0206,Jessica,Edwards,Doctor 3,2023-01-10
P0460,Deborah,Young,Doctor 3,2023-01-10
P0486,Patricia,Perez,Doctor 1,2023-01-10
P0005,Ruth,Morris,Doctor 1,2023-01-11
P0112,Linda,Peterson,Doctor 2,2023-01-11
P0138,Gregory,Gomez,Doctor 1,2023-01-11
P0204,Scott,Rogers,Doctor 3,2023-01-11
P0206,Jessica,Edwards,Doctor 3,2023-01-11
P0229,Frank,Moore,Doctor 2,2023-01-11
P0254,Deborah,Edwards,Doctor 3,2023-01-11
P0361,Gregory,Ramos,Doctor 2,2023-01-11
P0387,Kenneth,Young,Doctor 3,2023-01-11
P0049,James,Murphy,Doctor 3,2023-01-12
P0099,Tyler,Nelson,Doctor 3,2023-01-12
P0121,Jennifer,King,Doctor 2,2023-01-12
P0134,George,James,Doctor 2,2023-01-12
P0141,Helen,Evans,Doctor 3,2023-01-12
P0171,Samuel,Turner,Doctor 3,2023-01-12
P0187,Jason,Scott,Doctor 1,2023-01-12
P0225,Jeffrey,Parker,Doctor 2,2023-01-12
P0231,Mary,Morales,Doctor 2,2023-01-12
P0232,Joseph,Davis,Doctor 1,2023-01-12
P0287,Jennifer,Stewart,Doctor 1,2023-01-12
P0329,Samuel,Castillo,Doctor 2,2023-01-12
P0485,Kenneth,Garcia,Doctor 1,2023-01-12
P0006,Donna,Thompson,Doctor 1,2023-01-13
P0034,Daniel,Gomez,Doctor 1,2023-01-13
P0040,Michelle,Hill,Doctor 2,2023-01-13
P0136,Ryan,Cook,Doctor 1,2023-01-13
P0221,Thomas,Martinez,Doctor 2,2023-01-13
P0222,George,Kelly,Doctor 3,2023-01-13
P0087,Sarah,Patel,Doctor 1,2023-01-14
P0115,Kevin,Hall,Doctor 1,2023-01-14
P0142,Sarah,Castillo,Doctor 2,2023-01-14
P0197,Nancy,Johnson,Doctor 2,2023-01-14
P0242,Shirley,Hall,Doctor 2,2023-01-14
P0245,Deborah,Reed,Doctor 3,2023-01-14
P0258,Dorothy,Martinez,Doctor 2,2023-01-14
P0345,Deborah,Allen,Doctor 1,2023-01-14
P0410,Amy,Cook,Doctor 2,2023-01-14
P0476,Gregory,Alvarez,Doctor 2,2023-01-14
P0488,Emma,Ortiz,Doctor 2,2023-01-14
P0051,Sarah,Cox,Doctor 2,2023-01-15
P0227,Stephen,Jackson,Doctor 2,2023-01-15
P0325,Laura,Turner,Doctor 1,2023-01-15
P0148,Richard,Thomas,Doctor 3,2023-01-16
P0177,Aaron,King,Doctor 1,2023-01-16
P0243,Michelle,King,Doctor 3,2023-01-16
P0081,Carol,Murphy,Doctor 3,2023-01-17
P0218,Cynthia,Cooper,Doctor 2,2023-01-17
P0284,Rebecca,Hall,Doctor 3,2023-01-17
P0361,Gregory,Ramos,Doctor 2,2023-01-17
P0423,Elizabeth,Brooks,Doctor 3,2023-01-17
P0491,Justin,Johnson,Doctor 3,2023-01-17
P0088,Aaron,Jones,Doctor 2,2023-01-18
P0183,Frank,Gonzalez,Doctor 2,2023-01-18
P0228,Betty,Bailey,Doctor 1,2023-01-18
P0286,Susan,Morris,Doctor 2,2023-01-18
P0354,Jessica,Alvarez,Doctor 3,2023-01-18
P0366,Sandra,Campbell,Doctor 3,2023-01-18
P0110,Barbara,Cooper,Doctor 3,2023-01-19
P0126,Sarah,Roberts,Doctor 3,2023-01-19
P0200,Anna,Adams,Doctor 3,2023-01-19
P0226,Aaron,Jackson,Doctor 2,2023-01-19
P0244,Sarah,Peterson,Doctor 1,2023-01-19
P0284,Rebecca,Hall,Doctor 3,2023-01-19
P0318,Joseph,Diaz,Doctor 2,2023-01-19
P0353,Andrew,Torres,Doctor 2,2023-01-19
P0201,Karen,Castillo,Doctor 2,2023-01-20
P0251,Alexander,Harris,Doctor 2,2023-01-20
P0266,Ronald,Howard,Doctor 2,2023-01-20
P0289,Edward,Cooper,Doctor 1,2023-01-20
P0292,Brian,Baker,Doctor 3,2023-01-20
P0297,Jason,Morris,Doctor 3,2023-01-20
P0317,Ruth,Perez,Doctor 1,2023-01-20
P0320,Kimberly,Hill,Doctor 3,2023-01-20
P0344,James,Bennett,Doctor 1,2023-01-20
P0364,William,Brown,Doctor 1,2023-01-20
P0467,George,Gray,Doctor 2,2023-01-20
P0108,Michael,Young,Doctor 2,2023-01-21
P0174,Anna,Lopez,Doctor 1,2023-01-21
P0201,Karen,Castillo,Doctor 2,2023-01-21
P0216,Cynthia,Green,Doctor 2,2023-01-21
P0287,Jennifer,Stewart,Doctor 1,2023-01-21
P0295,Gary,Reed,Doctor 1,2023-01-21
P0343,Jonathan,Collins,Doctor 1,2023-01-21
P0424,Laura,Parker,Doctor 1,2023-01-21
P0034,Daniel,Gomez,Doctor 1,2023-01-22
P0166,Donna,Cook,Doctor 2,2023-01-22
P0340,Tyler,Garcia,Doctor 3,2023-01-22
P0367,Brenda,Reyes,Doctor 1,2023-01-22
P0368,Sarah,Wilson,Doctor 3,2023-01-22
P0378,Cynthia,Roberts,Doctor 2,2023-01-22
P0387,Kenneth,Young,Doctor 3,2023-01-22
P0409,Brian,Lee,Doctor 2,2023-01-22
P0033,Anna,Walker,Doctor 1,2023-01-23
P0064,Donna,Clark,Doctor 3,2023-01-23
P0088,Aaron,Jones,Doctor 2,2023-01-23
P0181,Dennis,Jones,Doctor 2,2023-01-23
P0347,Barbara,Hill,Doctor 2,2023-01-23
P0394,Mary,Thomas,Doctor 2,2023-01-23
P0456,Jack,Johnson,Doctor 3,2023-01-23
P0008,Helen,Richardson,Doctor 2,2023-01-24
P0042,Michelle,Gomez,Doctor 1,2023-01-24
P0174,Anna,Lopez,Doctor 1,2023-01-24
P0235,Tyler,Perez,Doctor 3,2023-01-24
P0317,Ruth,Perez,Doctor 1,2023-01-24
P0319,Eric,Perez,Doctor 1,2023-01-24
P0066,Kathleen,Reyes,Doctor 2,2023-01-25
P0123,Michelle,Castillo,Doctor 2,2023-01-25
P0168,Donna,Martinez,Doctor 2,2023-01-25
P0209,Brandon,Anderson,Doctor 1,2023-01-25
P0286,Susan,Morris,Doctor 2,2023-01-25
P0434,Deborah,Cox,Doctor 2,2023-01-25
P0478,James,Harris,Doctor 2,2023-01-25
P0154,Michelle,Carter,Doctor 1,2023-01-26
P0182,Jason,Walker,Doctor 2,2023-01-26
P0195,Sharon,Ramirez,Doctor 3,2023-01-26
P0391,John,Castillo,Doctor 1,2023-01-26
P0406,Jessica,Richardson,Doctor 1,2023-01-26
P0467,George,Gray,Doctor 2,2023-01-26
P0337,Aaron,Baker,Doctor 1,2023-01-27
P0437,Karen,Cox,Doctor 2,2023-01-27
P0453,Kimberly,Peterson,Doctor 3,2023-01-27
P0141,Helen,Evans,Doctor 3,2023-01-28
P0177,Aaron,King,Doctor 1,2023-01-28
P0233,Sandra,Robinson,Doctor 3,2023-01-28
P0269,Elizabeth,Moore,Doctor 3,2023-01-28
P0376,Donald,Hughes,Doctor 1,2023-01-28
P0424,Laura,Parker,Doctor 1,2023-01-28
P0439,Alexander,Williams,Doctor 1,2023-01-28
P0451,Ronald,James,Doctor 3,2023-01-28
P0464,Elizabeth,Peterson,Doctor 2,2023-01-28
P0468,Sarah,Sanchez,Doctor 2,2023-01-28
P0498,Ruth,Wilson,Doctor 2,2023-01-28
P0054,Edward,Wright,Doctor 1,2023-01-29
P0056,Mark,Ortiz,Doctor 1,2023-01-29
P0249,Daniel,Ward,Doctor 1,2023-01-29
P0289,Edward,Cooper,Doctor 1,2023-01-29
P0301,Andrew,Young,Doctor 3,2023-01-29
P0329,Samuel,Castillo,Doctor 2,2023-01-29
P0410,Amy,Cook,Doctor 2,2023-01-29
P0457,Stephen,Ramos,Doctor 1,2023-01-29
P0463,Sandra,Young,Doctor 3,2023-01-29
P0059,Ruth,White,Doctor 3,2023-01-30
P0087,Sarah,Patel,Doctor 1,2023-01-30
P0185,Emma,Carter,Doctor 1,2023-01-30
P0358,Eric,Jackson,Doctor 1,2023-01-30
P0407,Justin,Mendoza,Doctor 2,2023-01-30
P0423,Elizabeth,Brooks,Doctor 3,2023-01-30
P0008,Helen,Richardson,Doctor 2,2023-01-31
P0094,Mary,Roberts,Doctor 3,2023-01-31
P0130,Sharon,Miller,Doctor 3,2023-01-31
P0167,Sarah,Kim,Doctor 1,2023-01-31
P0176,Stephen,Chavez,Doctor 1,2023-01-31
P0436,Joshua,Mendoza,Doctor 1,2023-01-31
P0455,Jose,Gonzalez,Doctor 2,2023-01-31
P0476,Gregory,Alvarez,Doctor 2,2023-01-31
P0017,Jacob,Thompson,Doctor 2,2023-02-01
P0028,Joshua,Wilson,Doctor 3,2023-02-01
P0175,Sarah,Torres,Doctor 3,2023-02-01
P0325,Laura,Turner,Doctor 1,2023-02-01
P0366,Sandra,Campbell,Doctor 3,2023-02-01
P0393,Daniel,Brown,Doctor 2,2023-02-01
P0434,Deborah,Cox,Doctor 2,2023-02-01
P0436,Joshua,Mendoza,Doctor 1,2023-02-01
P0461,Jessica,Nguyen,Doctor 1,2023-02-01
P0088,Aaron,Jones,Doctor 2,2023-02-02
P0118,Thomas,Diaz,Doctor 1,2023-02-02
P0146,Michelle,Garcia,Doctor 1,2023-02-02
P0364,William,Brown,Doctor 1,2023-02-02
P0486,Patricia,Perez,Doctor 1,2023-02-02
P0022,Michelle,Kelly,Doctor 2,2023-02-03
P0124,Aaron,Bailey,Doctor 1,2023-02-03
P0133,Nancy,Hill,Doctor 3,2023-02-03
P0267,William,Cruz,Doctor 2,2023-02-03
P0275,Sandra,Chavez,Doctor 2,2023-02-03
P0296,Karen,Peterson,Doctor 3,2023-02-03
P0348,Michelle,Reyes,Doctor 3,2023-02-03
P0027,Samuel,Lee,Doctor 1,2023-02-04
P0159,Kevin,Wright,Doctor 1,2023-02-04
P0189,Brenda,Hill,Doctor 2,2023-02-04
P0211,Amy,Brooks,Doctor 2,2023-02-04
P0335,Aaron,Miller,Doctor 3,2023-02-04
P0186,Larry,Baker,Doctor 3,2023-02-05
P0244,Sarah,Peterson,Doctor 1,2023-02-05
P0256,Mark,Cook,Doctor 1,2023-02-05
P0496,Nancy,Nelson,Doctor 3,2023-02-05
P0002,Patricia,Cook,Doctor 3,2023-02-06
P0038,Aaron,Patel,Doctor 3,2023-02-06
P0083,Virginia,Morales,Doctor 2,2023-02-06
P0172,Shirley,Thompson,Doctor 2,2023-02-06
P0267,William,Cruz,Doctor 2,2023-02-06
P0377,Anna,Brooks,Doctor 2,2023-02-06
P0183,Frank,Gonzalez,Doctor 2,2023-02-07
P0185,Emma,Carter,Doctor 1,2023-02-07
P0265,Michael,Martinez,Doctor 1,2023-02-07
P0386,Patricia,Peterson,Doctor 3,2023-02-07
P0390,Justin,Ortiz,Doctor 1,2023-02-07
P0414,Michelle,Edwards,Doctor 3,2023-02-07
P0006,Donna,Thompson,Doctor 1,2023-02-08
P0088,Aaron,Jones,Doctor 2,2023-02-08
P0093,Joseph,Roberts,Doctor 3,2023-02-08
P0169,Timothy,Carter,Doctor 1,2023-02-08
P0174,Anna,Lopez,Doctor 1,2023-02-08
P0202,Brian,Watson,Doctor 2,2023-02-08
P0311,Michael,Ruiz,Doctor 3,2023-02-08
P0351,Stephen,Walker,Doctor 1,2023-02-08
P0414,Michelle,Edwards,Doctor 3,2023-02-08
P0063,George,Patel,Doctor 2,2023-02-09
P0192,James,Perez,Doctor 1,2023-02-09
P0205,Charles,Bennett,Doctor 1,2023-02-09
P0275,Sandra,Chavez,Doctor 2,2023-02-09
P0426,Karen,Kelly,Doctor 2,2023-02-09
P0078,Dennis,Diaz,Doctor 1,2023-02-10
P0097,Virginia,Richardson,Doctor 3,2023-02-10
P0172,Shirley,Thompson,Doctor 2,2023-02-10
P0178,Jack,Sanchez,Doctor 3,2023-02-10
P0281,Helen,Wood,Doctor 1,2023-02-10
P0387,Kenneth,Young,Doctor 3,2023-02-10
P0471,Sharon,Cook,Doctor 2,2023-02-10
P0064,Donna,Clark,Doctor 3,2023-02-11
P0088,Aaron,Jones,Doctor 2,2023-02-11
P0219,Sharon,Anderson,Doctor 3,2023-02-11
P0326,Michael,Ramirez,Doctor 3,2023-02-11
P0366,Sandra,Campbell,Doctor 3,2023-02-11
P0479,Deborah,Chavez,Doctor 1,2023-02-11
P0028,Joshua,Wilson,Doctor 3,2023-02-12
P0085,Cynthia,Flores,Doctor 3,2023-02-12
P0108,Michael,Young,Doctor 2,2023-02-12
P0130,Sharon,Miller,Doctor 3,2023-02-12
P0155,Ryan,Lee,Doctor 2,2023-02-12
P0184,Donna,Jackson,Doctor 1,2023-02-12
P0238,Linda,Kelly,Doctor 2,2023-02-12
P0281,Helen,Wood,Doctor 1,2023-02-12
P0286,Susan,Morris,Doctor 2,2023-02-12
P0294,Betty,Hughes,Doctor 1,2023-02-12
P0397,Betty,Allen,Doctor 1,2023-02-12
P0017,Jacob,Thompson,Doctor 2,2023-02-13
P0145,George,Martin,Doctor 1,2023-02-13
P0158,Michelle,Johnson,Doctor 1,2023-02-13
P0223,Charles,Gomez,Doctor 3,2023-02-13
P0272,Melissa,Reyes,Doctor 3,2023-02-13
P0463,Sandra,Young,Doctor 3,2023-02-13
P0478,James,Harris,Doctor 2,2023-02-13
P0027,Samuel,Lee,Doctor 1,2023-02-14
P0058,Gary,Hill,Doctor 2,2023-02-14
P0086,Sandra,Taylor,Doctor 2,2023-02-14
P0178,Jack,Sanchez,Doctor 3,2023-02-14
P0192,James,Perez,Doctor 1,2023-02-14
P0231,Mary,Morales,Doctor 2,2023-02-14
P0469,John,Chavez,Doctor 1,2023-02-14
P0018,Stephen,Roberts,Doctor 1,2023-02-15
P0121,Jennifer,King,Doctor 2,2023-02-15
P0122,Richard,Taylor,Doctor 2,2023-02-15
P0155,Ryan,Lee,Doctor 2,2023-02-15
P0220,Brandon,Mendoza,Doctor 1,2023-02-15
P0302,Ronald,Morris,Doctor 3,2023-02-15
P0313,Christopher,White,Doctor 1,2023-02-15
P0413,Virginia,Patel,Doctor 1,2023-02-15
P0452,Gary,Ward,Doctor 1,2023-02-15
P0470,Larry,Edwards,Doctor 3,2023-02-15
P0494,Brenda,Moore,Doctor 3,2023-02-15
P0299,Justin,Turner,Doctor 1,2023-02-16
P0028,Joshua,Wilson,Doctor 3,2023-02-17
P0081,Carol,Murphy,Doctor 3,2023-02-17
P0427,Jessica,Cox,Doctor 1,2023-02-17
P0002,Patricia,Cook,Doctor 3,2023-02-18
P0011,Tyler,Rivera,Doctor 1,2023-02-18
P0215,Anna,Turner,Doctor 2,2023-02-18
P0250,Sarah,Thompson,Doctor 2,2023-02-18
P0266,Ronald,Howard,Doctor 2,2023-02-18
P0319,Eric,Perez,Doctor 1,2023-02-18
P0335,Aaron,Miller,Doctor 3,2023-02-18
P0448,William,Lee,Doctor 1,2023-02-18
P0041,Jennifer,Cruz,Doctor 2,2023-02-19
P0078,Dennis,Diaz,Doctor 1,2023-02-19
P0155,Ryan,Lee,Doctor 2,2023-02-19
P0196,Alexander,Davis,Doctor 3,2023-02-19
P0344,James,Bennett,Doctor 1,2023-02-19
P0386,Patricia,Peterson,Doctor 3,2023-02-19
P0403,Michelle,Wright,Doctor 1,2023-02-19
P0446,Nancy,Reyes,Doctor 2,2023-02-19
P0466,Sharon,Baker,Doctor 3,2023-02-19
P0477,Kimberly,Moore,Doctor 3,2023-02-19
P0059,Ruth,White,Doctor 3,2023-02-20
P0252,Anthony,Diaz,Doctor 2,2023-02-20
P0268,Michael,Allen,Doctor 1,2023-02-20
P0273,Barbara,Edwards,Doctor 1,2023-02-20
P0422,Patrick,Morales,Doctor 3,2023-02-20
P0468,Sarah,Sanchez,Doctor 2,2023-02-20
P0480,Rebecca,Chavez,Doctor 2,2023-02-20
P0069,Helen,Murphy,Doctor 1,2023-02-21
P0087,Sarah,Patel,Doctor 1,2023-02-21
P0129,Jack,Bailey,Doctor 1,2023-02-21
P0332,Christopher,Ortiz,Doctor 3,2023-02-21
P0084,Emma,Rodriguez,Doctor 1,2023-02-22
P0147,Scott,Walker,Doctor 3,2023-02-22
P0274,Jack,Cruz,Doctor 1,2023-02-22
P0423,Elizabeth,Brooks,Doctor 3,2023-02-22
P0462,Linda,Sanchez,Doctor 3,2023-02-22
P0134,George,James,Doctor 2,2023-02-23
P0181,Dennis,Jones,Doctor 2,2023-02-23
P0347,Barbara,Hill,Doctor 2,2023-02-23
P0019,Jerry,Ward,Doctor 3,2023-02-24
P0023,George,Myers,Doctor 3,2023-02-24
P0132,Scott,Flores,Doctor 1,2023-02-24
P0200,Anna,Adams,Doctor 3,2023-02-24
P0371,Cynthia,Reed,Doctor 2,2023-02-24
P0013,Nancy,Clark,Doctor 2,2023-02-25
P0037,Sarah,Edwards,Doctor 2,2023-02-25
P0046,Deborah,Perez,Doctor 3,2023-02-25
P0225,Jeffrey,Parker,Doctor 2,2023-02-25
P0301,Andrew,Young,Doctor 3,2023-02-25
P0333,Gregory,Sanders,Doctor 2,2023-02-25
P0348,Michelle,Reyes,Doctor 3,2023-02-25
P0187,Jason,Scott,Doctor 1,2023-02-26
P0356,Michelle,Taylor,Doctor 1,2023-02-26
P0384,Charles,Rodriguez,Doctor 2,2023-02-26
P0487,Kenneth,Lewis,Doctor 3,2023-02-26
P0107,Ruth,Lewis,Doctor 2,2023-02-27
P0111,Kimberly,Morgan,Doctor 1,2023-02-27
P0196,Alexander,Davis,Doctor 3,2023-02-27
P0229,Frank,Moore,Doctor 2,2023-02-27
P0266,Ronald,Howard,Doctor 2,2023-02-27
P0305,Joshua,Sanders,Doctor 3,2023-02-27
P0491,Justin,Johnson,Doctor 3,2023-02-27
P0006,Donna,Thompson,Doctor 1,2023-02-28
P0096,Jerry,Williams,Doctor 2,2023-02-28
P0103,Joseph,Martin,Doctor 3,2023-02-28
P0140,Michelle,Miller,Doctor 1,2023-02-28
P0181,Dennis,Jones,Doctor 2,2023-02-28
P0274,Jack,Cruz,Doctor 1,2023-02-28
P0311,Michael,Ruiz,Doctor 3,2023-02-28
P0312,Sandra,Cox,Doctor 2,2023-02-28
P0412,Laura,Scott,Doctor 3,2023-02-28
P0093,Joseph,Roberts,Doctor 3,2023-03-01
P0378,Cynthia,Roberts,Doctor 2,2023-03-01
P0414,Michelle,Edwards,Doctor 3,2023-03-01
P0468,Sarah,Sanchez,Doctor 2,2023-03-01
P0032,Jeffrey,Martinez,Doctor 1,2023-03-02
P0124,Aaron,Bailey,Doctor 1,2023-03-02
P0188,Joshua,Bennett,Doctor 1,2023-03-02
P0196,Alexander,Davis,Doctor 3,2023-03-02
P0262,Sandra,Bailey,Doctor 3,2023-03-02
P0281,Helen,Wood,Doctor 1,2023-03-02
P0286,Susan,Morris,Doctor 2,2023-03-02
P0358,Eric,Jackson,Doctor 1,2023-03-02
P0426,Karen,Kelly,Doctor 2,2023-03-02
P0472,Donna,Stewart,Doctor 3,2023-03-02
P0494,Brenda,Moore,Doctor 3,2023-03-02
P0102,Sandra,Watson,Doctor 3,2023-03-03
P0191,Angela,Nguyen,Doctor 3,2023-03-03
P0234,Michelle,Roberts,Doctor 3,2023-03-03
P0267,William,Cruz,Doctor 2,2023-03-03
P0323,Steven,Miller,Doctor 2,2023-03-03
P0370,Melissa,Lee,Doctor 2,2023-03-03
P0434,Deborah,Cox,Doctor 2,2023-03-03
P0461,Jessica,Nguyen,Doctor 1,2023-03-03
P0472,Donna,Stewart,Doctor 3,2023-03-03
P0067,Christopher,Martin,Doctor 2,2023-03-04
P0099,Tyler,Nelson,Doctor 3,2023-03-04
P0230,Betty,Turner,Doctor 2,2023-03-04
P0377,Anna,Brooks,Doctor 2,2023-03-04
P0439,Alexander,Williams,Doctor 1,2023-03-04
P0445,Deborah,Jones,Doctor 3,2023-03-04
P0484,Eric,Harris,Doctor 3,2023-03-04
P0072,Patrick,Green,Doctor 1,2023-03-05
P0084,Emma,Rodriguez,Doctor 1,2023-03-05
P0104,Justin,Sanders,Doctor 1,2023-03-05
P0139,Rebecca,Rivera,Doctor 1,2023-03-05
P0312,Sandra,Cox,Doctor 2,2023-03-05
P0427,Jessica,Cox,Doctor 1,2023-03-05
P0025,Kimberly,Alvarez,Doctor 2,2023-03-06
P0069,Helen,Murphy,Doctor 1,2023-03-06
P0098,Samuel,Rogers,Doctor 3,2023-03-06
P0132,Scott,Flores,Doctor 1,2023-03-06
P0158,Michelle,Johnson,Doctor 1,2023-03-06
P0198,Mary,Parker,Doctor 3,2023-03-06
P0201,Karen,Castillo,Doctor 2,2023-03-06
P0368,Sarah,Wilson,Doctor 3,2023-03-06
P0398,Barbara,Cox,Doctor 3,2023-03-06
P0450,Ryan,Morgan,Doctor 3,2023-03-06
P0012,Benjamin,Kelly,Doctor 3,2023-03-07
P0031,Donna,Edwards,Doctor 2,2023-03-07
P0400,Angela,Parker,Doctor 1,2023-03-07
P0402,Jose,Jackson,Doctor 2,2023-03-07
P0440,Kathleen,Gonzalez,Doctor 1,2023-03-07
P0496,Nancy,Nelson,Doctor 3,2023-03-07
P0234,Michelle,Roberts,Doctor 3,2023-03-08
P0305,Joshua,Sanders,Doctor 3,2023-03-08
P0342,Tyler,Wilson,Doctor 3,2023-03-08
P0422,Patrick,Morales,Doctor 3,2023-03-08
P0035,Jerry,Allen,Doctor 1,2023-03-09
P0044,Daniel,Garcia,Doctor 1,2023-03-09
P0071,Gary,Cox,Doctor 3,2023-03-09
P0142,Sarah,Castillo,Doctor 2,2023-03-09
P0167,Sarah,Kim,Doctor 1,2023-03-09
P0299,Justin,Turner,Doctor 1,2023-03-09
P0367,Brenda,Reyes,Doctor 1,2023-03-09
P0368,Sarah,Wilson,Doctor 3,2023-03-09
P0402,Jose,Jackson,Doctor 2,2023-03-09
P0416,Ruth,Lopez,Doctor 2,2023-03-09
P0307,Sarah,Scott,Doctor 3,2023-03-10
P0311,Michael,Ruiz,Doctor 3,2023-03-10
P0336,Patrick,Wright,Doctor 3,2023-03-10
P0418,Brenda,Ward,Doctor 1,2023-03-10
P0007,Michelle,Cooper,Doctor 2,2023-03-11
P0103,Joseph,Martin,Doctor 3,2023-03-11
P0121,Jennifer,King,Doctor 2,2023-03-11
P0308,Kimberly,Baker,Doctor 2,2023-03-11
P0335,Aaron,Miller,Doctor 3,2023-03-11
P0434,Deborah,Cox,Doctor 2,2023-03-11
P0466,Sharon,Baker,Doctor 3,2023-03-11
P0066,Kathleen,Reyes,Doctor 2,2023-03-12
P0079,Gregory,Morgan,Doctor 2,2023-03-12
P0094,Mary,Roberts,Doctor 3,2023-03-12
P0094,Mary,Roberts,Doctor 3,2023-03-12
P0225,Jeffrey,Parker,Doctor 2,2023-03-12
P0236,Eric,Carter,Doctor 1,2023-03-12
P0290,Betty,Wood,Doctor 1,2023-03-12
P0294,Betty,Hughes,Doctor 1,2023-03-12
P0381,Laura,Richardson,Doctor 1,2023-03-12
P0392,Patrick,Robinson,Doctor 1,2023-03-12
P0431,Michelle,Jones,Doctor 3,2023-03-12
P0464,Elizabeth,Peterson,Doctor 2,2023-03-12
P0284,Rebecca,Hall,Doctor 3,2023-03-13
P0293,Sandra,Turner,Doctor 2,2023-03-13
P0328,George,Williams,Doctor 2,2023-03-13
P0363,Brandon,Ruiz,Doctor 1,2023-03-13
P0402,Jose,Jackson,Doctor 2,2023-03-13
P0463,Sandra,Young,Doctor 3,2023-03-13
P0475,Scott,Martin,Doctor 2,2023-03-13
P0059,Ruth,White,Doctor 3,2023-03-14
P0315,Gary,Young,Doctor 3,2023-03-14
P0322,Michael,Watson,Doctor 2,2023-03-14
P0349,Carol,Robinson,Doctor 2,2023-03-14
P0383,Jessica,Baker,Doctor 1,2023-03-14
P0488,Emma,Ortiz,Doctor 2,2023-03-14
P0044,Daniel,Garcia,Doctor 1,2023-03-15
P0122,Richard,Taylor,Doctor 2,2023-03-15
P0209,Brandon,Anderson,Doctor 1,2023-03-15
P0090,Amy,Torres,Doctor 2,2023-03-16
P0106,Virginia,Anderson,Doctor 1,2023-03-16
P0116,Frank,Sanchez,Doctor 3,2023-03-16
P0284,Rebecca,Hall,Doctor 3,2023-03-16
P0302,Ronald,Morris,Doctor 3,2023-03-16
P0500,David,Rogers,Doctor 3,2023-03-16
P0014,Donald,Hernandez,Doctor 1,2023-03-17
P0021,John,Wright,Doctor 3,2023-03-17
P0022,Michelle,Kelly,Doctor 2,2023-03-17
P0039,Karen,Wilson,Doctor 2,2023-03-17
P0219,Sharon,Anderson,Doctor 3,2023-03-17
P0331,Anna,Alvarez,Doctor 2,2023-03-17
P0335,Aaron,Miller,Doctor 3,2023-03-17
P0375,Deborah,Castillo,Doctor 3,2023-03-17
P0447,Frank,Nelson,Doctor 3,2023-03-17
P0449,Laura,Gonzalez,Doctor 2,2023-03-17
P0014,Donald,Hernandez,Doctor 1,2023-03-18
P0096,Jerry,Williams,Doctor 2,2023-03-18
P0148,Richard,Thomas,Doctor 3,2023-03-18
P0199,Raymond,Baker,Doctor 3,2023-03-18
P0350,Lisa,Baker,Doctor 3,2023-03-18
P0461,Jessica,Nguyen,Doctor 1,2023-03-18
P0470,Larry,Edwards,Doctor 3,2023-03-18
P0054,Edward,Wright,Doctor 1,2023-03-19
P0067,Christopher,Martin,Doctor 2,2023-03-19
P0074,Elizabeth,Gonzalez,Doctor 2,2023-03-19
P0076,Aaron,Brown,Doctor 3,2023-03-19
P0165,Helen,Castillo,Doctor 3,2023-03-19
P0213,Karen,Wood,Doctor 3,2023-03-19
P0251,Alexander,Harris,Doctor 2,2023-03-19
P0273,Barbara,Edwards,Doctor 1,2023-03-19
P0363,Brandon,Ruiz,Doctor 1,2023-03-19
P0368,Sarah,Wilson,Doctor 3,2023-03-19
P0499,Lisa,Rivera,Doctor 1,2023-03-19
P0056,Mark,Ortiz,Doctor 1,2023-03-20
P0059,Ruth,White,Doctor 3,2023-03-20
P0141,Helen,Evans,Doctor 3,2023-03-20
P0245,Deborah,Reed,Doctor 3,2023-03-20
P0390,Justin,Ortiz,Doctor 1,2023-03-20
P0394,Mary,Thomas,Doctor 2,2023-03-20
P0442,Kimberly,Morales,Doctor 1,2023-03-20
P0455,Jose,Gonzalez,Doctor 2,2023-03-20
P0056,Mark,Ortiz,Doctor 1,2023-03-21
P0205,Charles,Bennett,Doctor 1,2023-03-21
P0305,Joshua,Sanders,Doctor 3,2023-03-21
P0356,Michelle,Taylor,Doctor 1,2023-03-21
P0452,Gary,Ward,Doctor 1,2023-03-21
P0067,Christopher,Martin,Doctor 2,2023-03-22
P0072,Patrick,Green,Doctor 1,2023-03-22
P0105,Edward,Price,Doctor 3,2023-03-22
P0118,Thomas,Diaz,Doctor 1,2023-03-22
P0149,Lisa,Gomez,Doctor 3,2023-03-22
P0210,Eric,Bailey,Doctor 1,2023-03-22
P0226,Aaron,Jackson,Doctor 2,2023-03-22
P0292,Brian,Baker,Doctor 3,2023-03-22
P0321,Sarah,Richardson,Doctor 3,2023-03-22
P0449,Laura,Gonzalez,Doctor 2,2023-03-22
P0463,Sandra,Young,Doctor 3,2023-03-22
P0057,Raymond,Jones,Doctor 2,2023-03-23
P0125,Daniel,Campbell,Doctor 3,2023-03-23
P0127,Daniel,Bennett,Doctor 3,2023-03-23
P0173,Jennifer,Price,Doctor 3,2023-03-23
P0178,Jack,Sanchez,Doctor 3,2023-03-23
P0409,Brian,Lee,Doctor 2,2023-03-23
P0488,Emma,Ortiz,Doctor 2,2023-03-23
P0101,Gary,Clark,Doctor 3,2023-03-24
P0203,Rebecca,Wood,Doctor 1,2023-03-24
P0223,Charles,Gomez,Doctor 3,2023-03-24
P0280,Daniel,Williams,Doctor 3,2023-03-24
P0406,Jessica,Richardson,Doctor 1,2023-03-24
P0449,Laura,Gonzalez,Doctor 2,2023-03-24
P0454,Kenneth,Wilson,Doctor 3,2023-03-24
P0245,Deborah,Reed,Doctor 3,2023-03-25
P0330,Charles,Rivera,Doctor 3,2023-03-25
P0360,David,Gonzalez,Doctor 3,2023-03-25
P0375,Deborah,Castillo,Doctor 3,2023-03-25
P0384,Charles,Rodriguez,Doctor 2,2023-03-25
P0052,Deborah,Brown,Doctor 3,2023-03-26
P0137,Andrew,Harris,Doctor 3,2023-03-26
P0204,Scott,Rogers,Doctor 3,2023-03-26
P0482,Shirley,Reed,Doctor 1,2023-03-26
P0489,Ryan,Taylor,Doctor 2,2023-03-26
P0187,Jason,Scott,Doctor 1,2023-03-27
P0331,Anna,Alvarez,Doctor 2,2023-03-27
P0457,Stephen,Ramos,Doctor 1,2023-03-27
P0463,Sandra,Young,Doctor 3,2023-03-27
P0213,Karen,Wood,Doctor 3,2023-03-28
P0233,Sandra,Robinson,Doctor 3,2023-03-28
P0250,Sarah,Thompson,Doctor 2,2023-03-28
P0282,Dorothy,Alvarez,Doctor 3,2023-03-28
P0299,Justin,Turner,Doctor 1,2023-03-28
P0300,Jack,Edwards,Doctor 2,2023-03-28
P0301,Andrew,Young,Doctor 3,2023-03-28
P0099,Tyler,Nelson,Doctor 3,2023-03-29
P0113,Melissa,Scott,Doctor 1,2023-03-29
P0146,Michelle,Garcia,Doctor 1,2023-03-29
P0164,Sharon,Smith,Doctor 3,2023-03-29
P0170,Anthony,Torres,Doctor 1,2023-03-29
P0332,Christopher,Ortiz,Doctor 3,2023-03-29
P0339,Nancy,Diaz,Doctor 1,2023-03-29
P0470,Larry,Edwards,Doctor 3,2023-03-29
P0027,Samuel,Lee,Doctor 1,2023-03-30
P0198,Mary,Parker,Doctor 3,2023-03-30
P0274,Jack,Cruz,Doctor 1,2023-03-30
P0298,Stephen,Myers,Doctor 2,2023-03-30
P0305,Joshua,Sanders,Doctor 3,2023-03-30
P0355,Richard,Morris,Doctor 2,2023-03-30
P0389,Sandra,Parker,Doctor 2,2023-03-30
P0393,Daniel,Brown,Doctor 2,2023-03-30
P0396,Kenneth,Morales,Doctor 3,2023-03-30
P0022,Michelle,Kelly,Doctor 2,2023-03-31
P0055,Carol,Kim,Doctor 2,2023-03-31
P0086,Sandra,Taylor,Doctor 2,2023-03-31
P0095,Patrick,Howard,Doctor 3,2023-03-31
P0170,Anthony,Torres,Doctor 1,2023-03-31
P0317,Ruth,Perez,Doctor 1,2023-03-31
P0434,Deborah,Cox,Doctor 2,2023-03-31
P0092,Jonathan,Jackson,Doctor 3,2023-04-01
P0164,Sharon,Smith,Doctor 3,2023-04-01
P0205,Charles,Bennett,Doctor 1,2023-04-01
P0244,Sarah,Peterson,Doctor 1,2023-04-01
P0395,Betty,Gray,Doctor 2,2023-04-01
P0016,Angela,Evans,Doctor 1,2023-04-02
P0157,Angela,Nelson,Doctor 1,2023-04-02
P0248,Kathleen,Torres,Doctor 2,2023-04-02
P0284,Rebecca,Hall,Doctor 3,2023-04-02
P0314,Kimberly,Castillo,Doctor 2,2023-04-02
P0352,Joshua,Nguyen,Doctor 3,2023-04-02
P0360,David,Gonzalez,Doctor 3,2023-04-02
P0411,Jessica,Thomas,Doctor 1,2023-04-02
P0467,George,Gray,Doctor 2,2023-04-02
P0001,Michael,Stewart,Doctor 2,2023-04-03
P0029,Andrew,Myers,Doctor 2,2023-04-03
P0061,Joshua,Castillo,Doctor 3,2023-04-03
P0082,John,Patel,Doctor 2,2023-04-03
P0119,Jacob,Parker,Doctor 2,2023-04-03
P0156,Matthew,Clark,Doctor 2,2023-04-03
P0408,Brian,Williams,Doctor 3,2023-04-03
P0414,Michelle,Edwards,Doctor 3,2023-04-03
P0087,Sarah,Patel,Doctor 1,2023-04-04
P0137,Andrew,Harris,Doctor 3,2023-04-04
P0272,Melissa,Reyes,Doctor 3,2023-04-04
P0286,Susan,Morris,Doctor 2,2023-04-04
P0380,Brenda,Rodriguez,Doctor 1,2023-04-04
P0388,Jerry,Brooks,Doctor 2,2023-04-04
P0093,Joseph,Roberts,Doctor 3,2023-04-05
P0156,Matthew,Clark,Doctor 2,2023-04-05
P0237,Deborah,Martin,Doctor 2,2023-04-05
P0274,Jack,Cruz,Doctor 1,2023-04-05
P0388,Jerry,Brooks,Doctor 2,2023-04-05
P0414,Michelle,Edwards,Doctor 3,2023-04-05
P0453,Kimberly,Peterson,Doctor 3,2023-04-05
P0455,Jose,Gonzalez,Doctor 2,2023-04-05
P0459,Barbara,Kelly,Doctor 2,2023-04-05
P0006,Donna,Thompson,Doctor 1,2023-04-06
P0051,Sarah,Cox,Doctor 2,2023-04-06
P0099,Tyler,Nelson,Doctor 3,2023-04-06
P0110,Barbara,Cooper,Doctor 3,2023-04-06
P0207,Justin,Nelson,Doctor 1,2023-04-06
P0261,Sarah,Morales,Doctor 1,2023-04-06
P0456,Jack,Johnson,Doctor 3,2023-04-06
P0470,Larry,Edwards,Doctor 3,2023-04-06
P0071,Gary,Cox,Doctor 3,2023-04-07
P0108,Michael,Young,Doctor 2,2023-04-07
P0162,Jonathan,Parker,Doctor 3,2023-04-07
P0200,Anna,Adams,Doctor 3,2023-04-07
P0373,Shirley,Ortiz,Doctor 1,2023-04-07
P0451,Ronald,James,Doctor 3,2023-04-07
P0004,Joseph,Sanders,Doctor 3,2023-04-08
P0292,Brian,Baker,Doctor 3,2023-04-08
P0332,Christopher,Ortiz,Doctor 3,2023-04-08
P0126,Sarah,Roberts,Doctor 3,2023-04-09
P0143,Karen,Gray,Doctor 2,2023-04-09
P0403,Michelle,Wright,Doctor 1,2023-04-09
P0459,Barbara,Kelly,Doctor 2,2023-04-09
P0466,Sharon,Baker,Doctor 3,2023-04-09
P0069,Helen,Murphy,Doctor 1,2023-04-10
P0071,Gary,Cox,Doctor 3,2023-04-10
P0151,Thomas,Thomas,Doctor 1,2023-04-10
P0225,Jeffrey,Parker,Doctor 2,2023-04-10
P0283,Jason,Rogers,Doctor 3,2023-04-10
P0373,Shirley,Ortiz,Doctor 1,2023-04-10
P0416,Ruth,Lopez,Doctor 2,2023-04-10
P0425,Jonathan,Williams,Doctor 2,2023-04-10
P0453,Kimberly,Peterson,Doctor 3,2023-04-10
P0465,Michelle,Williams,Doctor 1,2023-04-10
P0491,Justin,Johnson,Doctor 3,2023-04-10
P0062,Michael,Garcia,Doctor 1,2023-04-11
P0120,Kevin,Adams,Doctor 3,2023-04-11
P0307,Sarah,Scott,Doctor 3,2023-04-11
P0351,Stephen,Walker,Doctor 1,2023-04-11
P0384,Charles,Rodriguez,Doctor 2,2023-04-11
P0412,Laura,Scott,Doctor 3,2023-04-11
P0029,Andrew,Myers,Doctor 2,2023-04-12
P0029,Andrew,Myers,Doctor 2,2023-04-12
P0085,Cynthia,Flores,Doctor 3,2023-04-12
P0140,Michelle,Miller,Doctor 1,2023-04-12
P0172,Shirley,Thompson,Doctor 2,2023-04-12
P0191,Angela,Nguyen,Doctor 3,2023-04-12
P0372,Deborah,Torres,Doctor 2,2023-04-12
P0452,Gary,Ward,Doctor 1,2023-04-12
P0483,Michael,Lee,Doctor 2,2023-04-12
P0045,Michael,Flores,Doctor 2,2023-04-13
P0100,Benjamin,Roberts,Doctor 3,2023-04-13
P0157,Angela,Nelson,Doctor 1,2023-04-13
P0175,Sarah,Torres,Doctor 3,2023-04-13
P0253,Shirley,Gonzalez,Doctor 2,2023-04-13
P0292,Brian,Baker,Doctor 3,2023-04-13
P0402,Jose,Jackson,Doctor 2,2023-04-13
P0411,Jessica,Thomas,Doctor 1,2023-04-13
P0414,Michelle,Edwards,Doctor 3,2023-04-13
P0466,Sharon,Baker,Doctor 3,2023-04-13
P0323,Steven,Miller,Doctor 2,2023-04-14
P0369,Patrick,Cruz,Doctor 2,2023-04-14
P0415,George,Rodriguez,Doctor 2,2023-04-14
P0033,Anna,Walker,Doctor 1,2023-04-15
P0061,Joshua,Castillo,Doctor 3,2023-04-15
P0098,Samuel,Rogers,Doctor 3,2023-04-15
P0149,Lisa,Gomez,Doctor 3,2023-04-15
P0191,Angela,Nguyen,Doctor 3,2023-04-15
P0205,Charles,Bennett,Doctor 1,2023-04-15
P0335,Aaron,Miller,Doctor 3,2023-04-15
P0433,Raymond,Davis,Doctor 2,2023-04-15
P0321,Sarah,Richardson,Doctor 3,2023-04-16
P0364,William,Brown,Doctor 1,2023-04-16
P0374,Michael,Chavez,Doctor 3,2023-04-16
P0386,Patricia,Peterson,Doctor 3,2023-04-16
P0409,Brian,Lee,Doctor 2,2023-04-16
P0410,Amy,Cook,Doctor 2,2023-04-16
P0024,Samuel,Hughes,Doctor 2,2023-04-17
P0094,Mary,Roberts,Doctor 3,2023-04-17
P0100,Benjamin,Roberts,Doctor 3,2023-04-17
P0130,Sharon,Miller,Doctor 3,2023-04-17
P0135,Virginia,James,Doctor 1,2023-04-17
P0303,Dorothy,Mitchell,Doctor 3,2023-04-17
P0408,Brian,Williams,Doctor 3,2023-04-17
P0004,Joseph,Sanders,Doctor 3,2023-04-18
P0034,Daniel,Gomez,Doctor 1,2023-04-18
P0105,Edward,Price,Doctor 3,2023-04-18
P0140,Michelle,Miller,Doctor 1,2023-04-18
P0255,Michael,Alvarez,Doctor 3,2023-04-18
P0290,Betty,Wood,Doctor 1,2023-04-18
P0338,Laura,Taylor,Doctor 1,2023-04-18
P0416,Ruth,Lopez,Doctor 2,2023-04-18
P0047,Susan,Myers,Doctor 1,2023-04-19
P0080,Christopher,Mitchell,Doctor 3,2023-04-19
P0103,Joseph,Martin,Doctor 3,2023-04-19
P0193,Michael,Phillips,Doctor 1,2023-04-19
P0287,Jennifer,Stewart,Doctor 1,2023-04-19
P0299,Justin,Turner,Doctor 1,2023-04-19
P0375,Deborah,Castillo,Doctor 3,2023-04-19
P0097,Virginia,Richardson,Doctor 3,2023-04-20
P0146,Michelle,Garcia,Doctor 1,2023-04-20
P0192,James,Perez,Doctor 1,2023-04-20
P0277,Donna,Morris,Doctor 1,2023-04-20
P0096,Jerry,Williams,Doctor 2,2023-04-21
P0106,Virginia,Anderson,Doctor 1,2023-04-21
P0121,Jennifer,King,Doctor 2,2023-04-21
P0130,Sharon,Miller,Doctor 3,2023-04-21
P0275,Sandra,Chavez,Doctor 2,2023-04-21
P0325,Laura,Turner,Doctor 1,2023-04-21
P0454,Kenneth,Wilson,Doctor 3,2023-04-21
P0490,Kimberly,Cruz,Doctor 3,2023-04-21
P0267,William,Cruz,Doctor 2,2023-04-22
P0273,Barbara,Edwards,Doctor 1,2023-04-22
P0290,Betty,Wood,Doctor 1,2023-04-22
P0436,Joshua,Mendoza,Doctor 1,2023-04-22
P0291,Kathleen,Reed,Doctor 1,2023-04-23
P0357,Michael,Reed,Doctor 1,2023-04-23
P0015,Carol,Adams,Doctor 1,2023-04-24
P0047,Susan,Myers,Doctor 1,2023-04-24
P0138,Gregory,Gomez,Doctor 1,2023-04-24
P0146,Michelle,Garcia,Doctor 1,2023-04-24
P0193,Michael,Phillips,Doctor 1,2023-04-24
P0330,Charles,Rivera,Doctor 3,2023-04-24
P0376,Donald,Hughes,Doctor 1,2023-04-24
P0208,Andrew,Carter,Doctor 3,2023-04-25
P0226,Aaron,Jackson,Doctor 2,2023-04-25
P0237,Deborah,Martin,Doctor 2,2023-04-25
P0377,Anna,Brooks,Doctor 2,2023-04-25
P0447,Frank,Nelson,Doctor 3,2023-04-25
P0454,Kenneth,Wilson,Doctor 3,2023-04-25
P0359,James,Edwards,Doctor 2,2023-04-26
P0404,Lisa,Price,Doctor 3,2023-04-26
P0024,Samuel,Hughes,Doctor 2,2023-04-27
P0220,Brandon,Mendoza,Doctor 1,2023-04-27
P0231,Mary,Morales,Doctor 2,2023-04-27
P0392,Patrick,Robinson,Doctor 1,2023-04-27
P0438,Alexander,Lee,Doctor 1,2023-04-27
P0077,Justin,Wilson,Doctor 1,2023-04-28
P0144,Ronald,Adams,Doctor 1,2023-04-28
P0333,Gregory,Sanders,Doctor 2,2023-04-28
P0339,Nancy,Diaz,Doctor 1,2023-04-28
P0416,Ruth,Lopez,Doctor 2,2023-04-28
P0429,Steven,Mendoza,Doctor 2,2023-04-28
P0117,Brandon,Campbell,Doctor 3,2023-04-29
P0164,Sharon,Smith,Doctor 3,2023-04-29
P0253,Shirley,Gonzalez,Doctor 2,2023-04-29
P0363,Brandon,Ruiz,Doctor 1,2023-04-29
P0386,Patricia,Peterson,Doctor 3,2023-04-29
P0278,Gregory,Wilson,Doctor 2,2023-04-30
P0282,Dorothy,Alvarez,Doctor 3,2023-04-30
P0368,Sarah,Wilson,Doctor 3,2023-04-30
P0472,Donna,Stewart,Doctor 3,2023-04-30
P0496,Nancy,Nelson,Doctor 3,2023-04-30
P0182,Jason,Walker,Doctor 2,2023-05-01
P0307,Sarah,Scott,Doctor 3,2023-05-01
P0326,Michael,Ramirez,Doctor 3,2023-05-01
P0357,Michael,Reed,Doctor 1,2023-05-01
P0392,Patrick,Robinson,Doctor 1,2023-05-01
P0489,Ryan,Taylor,Doctor 2,2023-05-01
P0497,Michael,Harris,Doctor 2,2023-05-01
P0212,Aaron,Lee,Doctor 1,2023-05-02
P0252,Anthony,Diaz,Doctor 2,2023-05-02
P0324,Susan,Robinson,Doctor 1,2023-05-02
P0484,Eric,Harris,Doctor 3,2023-05-02
P0485,Kenneth,Garcia,Doctor 1,2023-05-02
P0023,George,Myers,Doctor 3,2023-05-03
P0073,Raymond,Mendoza,Doctor 3,2023-05-03
P0083,Virginia,Morales,Doctor 2,2023-05-03
P0233,Sandra,Robinson,Doctor 3,2023-05-03
P0244,Sarah,Peterson,Doctor 1,2023-05-03
P0260,Shirley,Ward,Doctor 2,2023-05-03
P0338,Laura,Taylor,Doctor 1,2023-05-03
P0353,Andrew,Torres,Doctor 2,2023-05-03
P0411,Jessica,Thomas,Doctor 1,2023-05-03
P0418,Brenda,Ward,Doctor 1,2023-05-03
P0442,Kimberly,Morales,Doctor 1,2023-05-03
P0046,Deborah,Perez,Doctor 3,2023-05-04
P0189,Brenda,Hill,Doctor 2,2023-05-04
P0200,Anna,Adams,Doctor 3,2023-05-04
P0238,Linda,Kelly,Doctor 2,2023-05-04
P0256,Mark,Cook,Doctor 1,2023-05-04
P0146,Michelle,Garcia,Doctor 1,2023-05-05
P0216,Cynthia,Green,Doctor 2,2023-05-05
P0272,Melissa,Reyes,Doctor 3,2023-05-05
P0375,Deborah,Castillo,Doctor 3,2023-05-06
P0396,Kenneth,Morales,Doctor 3,2023-05-06
P0469,John,Chavez,Doctor 1,2023-05-06
P0117,Brandon,Campbell,Doctor 3,2023-05-07
P0172,Shirley,Thompson,Doctor 2,2023-05-07
P0191,Angela,Nguyen,Doctor 3,2023-05-07
P0242,Shirley,Hall,Doctor 2,2023-05-07
P0307,Sarah,Scott,Doctor 3,2023-05-07
P0476,Gregory,Alvarez,Doctor 2,2023-05-07
P0004,Joseph,Sanders,Doctor 3,2023-05-08
P0191,Angela,Nguyen,Doctor 3,2023-05-08
P0262,Sandra,Bailey,Doctor 3,2023-05-08
P0321,Sarah,Richardson,Doctor 3,2023-05-08
P0328,George,Williams,Doctor 2,2023-05-08
P0393,Daniel,Brown,Doctor 2,2023-05-08
P0422,Patrick,Morales,Doctor 3,2023-05-08
P0467,George,Gray,Doctor 2,2023-05-08
P0074,Elizabeth,Gonzalez,Doctor 2,2023-05-09
P0102,Sandra,Watson,Doctor 3,2023-05-09
P0110,Barbara,Cooper,Doctor 3,2023-05-09
P0188,Joshua,Bennett,Doctor 1,2023-05-09
P0391,John,Castillo,Doctor 1,2023-05-09
P0417,Larry,Parker,Doctor 2,2023-05-09
P0422,Patrick,Morales,Doctor 3,2023-05-09
P0019,Jerry,Ward,Doctor 3,2023-05-10
P0077,Justin,Wilson,Doctor 1,2023-05-10
P0080,Christopher,Mitchell,Doctor 3,2023-05-10
P0107,Ruth,Lewis,Doctor 2,2023-05-10
P0156,Matthew,Clark,Doctor 2,2023-05-10
P0239,Kevin,Gonzalez,Doctor 1,2023-05-10
P0253,Shirley,Gonzalez,Doctor 2,2023-05-10
P0275,Sandra,Chavez,Doctor 2,2023-05-10
P0318,Joseph,Diaz,Doctor 2,2023-05-10
P0351,Stephen,Walker,Doctor 1,2023-05-10
P0457,Stephen,Ramos,Doctor 1,2023-05-10
P0478,James,Harris,Doctor 2,2023-05-10
P0498,Ruth,Wilson,Doctor 2,2023-05-10
P0116,Frank,Sanchez,Doctor 3,2023-05-11
P0120,Kevin,Adams,Doctor 3,2023-05-11
P0218,Cynthia,Cooper,Doctor 2,2023-05-11
P0255,Michael,Alvarez,Doctor 3,2023-05-11
P0097,Virginia,Richardson,Doctor 3,2023-05-12
P0155,Ryan,Lee,Doctor 2,2023-05-12
P0449,Laura,Gonzalez,Doctor 2,2023-05-12
P0457,Stephen,Ramos,Doctor 1,2023-05-12
P0256,Mark,Cook,Doctor 1,2023-05-13
P0394,Mary,Thomas,Doctor 2,2023-05-13
P0462,Linda,Sanchez,Doctor 3,2023-05-13
P0083,Virginia,Morales,Doctor 2,2023-05-14
P0135,Virginia,James,Doctor 1,2023-05-14
P0193,Michael,Phillips,Doctor 1,2023-05-14
P0433,Raymond,Davis,Doctor 2,2023-05-14
P0002,Patricia,Cook,Doctor 3,2023-05-15
P0037,Sarah,Edwards,Doctor 2,2023-05-15
P0066,Kathleen,Reyes,Doctor 2,2023-05-15
P0180,Amy,Ward,Doctor 3,2023-05-15
P0258,Dorothy,Martinez,Doctor 2,2023-05-15
P0308,Kimberly,Baker,Doctor 2,2023-05-15
P0355,Richard,Morris,Doctor 2,2023-05-15
P0366,Sandra,Campbell,Doctor 3,2023-05-15
P0414,Michelle,Edwards,Doctor 3,2023-05-15
P0467,George,Gray,Doctor 2,2023-05-15
P0477,Kimberly,Moore,Doctor 3,2023-05-15
P0062,Michael,Garcia,Doctor 1,2023-05-16
P0092,Jonathan,Jackson,Doctor 3,2023-05-16
P0263,Benjamin,Lewis,Doctor 2,2023-05-16
P0326,Michael,Ramirez,Doctor 3,2023-05-16
P0413,Virginia,Patel,Doctor 1,2023-05-16
P0058,Gary,Hill,Doctor 2,2023-05-17
P0093,Joseph,Roberts,Doctor 3,2023-05-17
P0128,Deborah,White,Doctor 1,2023-05-17
P0382,Jose,Murphy,Doctor 2,2023-05-17
P0397,Betty,Allen,Doctor 1,2023-05-17
P0400,Angela,Parker,Doctor 1,2023-05-17
P0426,Karen,Kelly,Doctor 2,2023-05-17
P0454,Kenneth,Wilson,Doctor 3,2023-05-17
P0008,Helen,Richardson,Doctor 2,2023-05-18
P0119,Jacob,Parker,Doctor 2,2023-05-18
P0320,Kimberly,Hill,Doctor 3,2023-05-18
P0494,Brenda,Moore,Doctor 3,2023-05-18
P0091,Patricia,Garcia,Doctor 1,2023-05-19
P0208,Andrew,Carter,Doctor 3,2023-05-19
P0314,Kimberly,Castillo,Doctor 2,2023-05-19
P0430,Michelle,Collins,Doctor 3,2023-05-19
P0147,Scott,Walker,Doctor 3,2023-05-20
P0164,Sharon,Smith,Doctor 3,2023-05-20
P0291,Kathleen,Reed,Doctor 1,2023-05-20
P0304,Karen,Anderson,Doctor 2,2023-05-20
P0413,Virginia,Patel,Doctor 1,2023-05-20
P0418,Brenda,Ward,Doctor 1,2023-05-20
P0429,Steven,Mendoza,Doctor 2,2023-05-20
P0488,Emma,Ortiz,Doctor 2,2023-05-20
P0009,Angela,Cooper,Doctor 2,2023-05-21
P0047,Susan,Myers,Doctor 1,2023-05-21
P0140,Michelle,Miller,Doctor 1,2023-05-21
P0151,Thomas,Thomas,Doctor 1,2023-05-21
P0179,Patricia,Anderson,Doctor 2,2023-05-21
P0279,Jose,Martin,Doctor 2,2023-05-21
P0306,Sarah,Hill,Doctor 2,2023-05-21
P0314,Kimberly,Castillo,Doctor 2,2023-05-21
P0338,Laura,Taylor,Doctor 1,2023-05-21
P0373,Shirley,Ortiz,Doctor 1,2023-05-21
P0396,Kenneth,Morales,Doctor 3,2023-05-21
P0403,Michelle,Wright,Doctor 1,2023-05-21
P0432,Joseph,Jackson,Doctor 1,2023-05-21
P0108,Michael,Young,Doctor 2,2023-05-22
P0174,Anna,Lopez,Doctor 1,2023-05-22
P0406,Jessica,Richardson,Doctor 1,2023-05-22
P0051,Sarah,Cox,Doctor 2,2023-05-23
P0053,Brenda,Brooks,Doctor 1,2023-05-23
P0222,George,Kelly,Doctor 3,2023-05-23
P0228,Betty,Bailey,Doctor 1,2023-05-23
P0351,Stephen,Walker,Doctor 1,2023-05-23
P0382,Jose,Murphy,Doctor 2,2023-05-23
P0457,Stephen,Ramos,Doctor 1,2023-05-23
P0494,Brenda,Moore,Doctor 3,2023-05-23
P0024,Samuel,Hughes,Doctor 2,2023-05-24
P0140,Michelle,Miller,Doctor 1,2023-05-24
P0147,Scott,Walker,Doctor 3,2023-05-24
P0317,Ruth,Perez,Doctor 1,2023-05-24
P0367,Brenda,Reyes,Doctor 1,2023-05-24
P0461,Jessica,Nguyen,Doctor 1,2023-05-24
P0474,Joshua,Harris,Doctor 1,2023-05-24
P0026,Patricia,Flores,Doctor 3,2023-05-25
P0032,Jeffrey,Martinez,Doctor 1,2023-05-25
P0049,James,Murphy,Doctor 3,2023-05-25
P0084,Emma,Rodriguez,Doctor 1,2023-05-25
P0149,Lisa,Gomez,Doctor 3,2023-05-25
P0159,Kevin,Wright,Doctor 1,2023-05-25
P0167,Sarah,Kim,Doctor 1,2023-05-25
P0201,Karen,Castillo,Doctor 2,2023-05-25
P0277,Donna,Morris,Doctor 1,2023-05-25
P0361,Gregory,Ramos,Doctor 2,2023-05-25
P0395,Betty,Gray,Doctor 2,2023-05-25
P0065,Nancy,Ramos,Doctor 1,2023-05-26
P0161,Stephen,Flores,Doctor 3,2023-05-26
P0171,Samuel,Turner,Doctor 3,2023-05-26
P0252,Anthony,Diaz,Doctor 2,2023-05-26
P0318,Joseph,Diaz,Doctor 2,2023-05-26
P0379,Gregory,Green,Doctor 2,2023-05-26
P0404,Lisa,Price,Doctor 3,2023-05-26
P0005,Ruth,Morris,Doctor 1,2023-05-27
P0157,Angela,Nelson,Doctor 1,2023-05-27
P0226,Aaron,Jackson,Doctor 2,2023-05-27
P0243,Michelle,King,Doctor 3,2023-05-27
P0294,Betty,Hughes,Doctor 1,2023-05-27
P0321,Sarah,Richardson,Doctor 3,2023-05-27
P0378,Cynthia,Roberts,Doctor 2,2023-05-27
P0040,Michelle,Hill,Doctor 2,2023-05-28
P0104,Justin,Sanders,Doctor 1,2023-05-28
P0112,Linda,Peterson,Doctor 2,2023-05-28
P0117,Brandon,Campbell,Doctor 3,2023-05-28
P0188,Joshua,Bennett,Doctor 1,2023-05-28
P0189,Brenda,Hill,Doctor 2,2023-05-28
P0347,Barbara,Hill,Doctor 2,2023-05-28
P0354,Jessica,Alvarez,Doctor 3,2023-05-28
P0424,Laura,Parker,Doctor 1,2023-05-28
P0435,Carol,Parker,Doctor 2,2023-05-28
P0076,Aaron,Brown,Doctor 3,2023-05-29
P0115,Kevin,Hall,Doctor 1,2023-05-29
P0325,Laura,Turner,Doctor 1,2023-05-29
P0327,Nancy,Hughes,Doctor 3,2023-05-29
P0464,Elizabeth,Peterson,Doctor 2,2023-05-29
P0011,Tyler,Rivera,Doctor 1,2023-05-30
P0079,Gregory,Morgan,Doctor 2,2023-05-30
P0082,John,Patel,Doctor 2,2023-05-30
P0180,Amy,Ward,Doctor 3,2023-05-30
P0187,Jason,Scott,Doctor 1,2023-05-30
P0256,Mark,Cook,Doctor 1,2023-05-30
P0259,Shirley,Rivera,Doctor 3,2023-05-30
P0273,Barbara,Edwards,Doctor 1,2023-05-30
P0113,Melissa,Scott,Doctor 1,2023-05-31
P0146,Michelle,Garcia,Doctor 1,2023-05-31
P0148,Richard,Thomas,Doctor 3,2023-05-31
P0178,Jack,Sanchez,Doctor 3,2023-05-31
P0208,Andrew,Carter,Doctor 3,2023-05-31
P0227,Stephen,Jackson,Doctor 2,2023-05-31
P0260,Shirley,Ward,Doctor 2,2023-05-31
P0282,Dorothy,Alvarez,Doctor 3,2023-05-31
P0299,Justin,Turner,Doctor 1,2023-05-31
P0350,Lisa,Baker,Doctor 3,2023-05-31
P0060,Jerry,Evans,Doctor 1,2023-06-01
P0150,Nancy,Bailey,Doctor 3,2023-06-01
P0229,Frank,Moore,Doctor 2,2023-06-01
P0245,Deborah,Reed,Doctor 3,2023-06-01
P0396,Kenneth,Morales,Doctor 3,2023-06-01
P0453,Kimberly,Peterson,Doctor 3,2023-06-01
P0072,Patrick,Green,Doctor 1,2023-06-02
P0211,Amy,Brooks,Doctor 2,2023-06-02
P0272,Melissa,Reyes,Doctor 3,2023-06-02
P0313,Christopher,White,Doctor 1,2023-06-02
P0334,Michelle,Morales,Doctor 3,2023-06-02
P0402,Jose,Jackson,Doctor 2,2023-06-02
P0447,Frank,Nelson,Doctor 3,2023-06-02
P0048,Christopher,Gonzalez,Doctor 1,2023-06-03
P0164,Sharon,Smith,Doctor 3,2023-06-03
P0244,Sarah,Peterson,Doctor 1,2023-06-03
P0352,Joshua,Nguyen,Doctor 3,2023-06-03
P0425,Jonathan,Williams,Doctor 2,2023-06-03
P0028,Joshua,Wilson,Doctor 3,2023-06-04
P0145,George,Martin,Doctor 1,2023-06-04
P0240,Melissa,Phillips,Doctor 1,2023-06-04
P0412,Laura,Scott,Doctor 3,2023-06-04
P0429,Steven,Mendoza,Doctor 2,2023-06-04
P0500,David,Rogers,Doctor 3,2023-06-04
P0017,Jacob,Thompson,Doctor 2,2023-06-05
P0050,Helen,Clark,Doctor 2,2023-06-05
P0136,Ryan,Cook,Doctor 1,2023-06-05
P0179,Patricia,Anderson,Doctor 2,2023-06-05
P0218,Cynthia,Cooper,Doctor 2,2023-06-05
P0246,Kevin,Taylor,Doctor 3,2023-06-05
P0345,Deborah,Allen,Doctor 1,2023-06-05
P0416,Ruth,Lopez,Doctor 2,2023-06-05
P0450,Ryan,Morgan,Doctor 3,2023-06-05
P0490,Kimberly,Cruz,Doctor 3,2023-06-05
P0019,Jerry,Ward,Doctor 3,2023-06-06
P0026,Patricia,Flores,Doctor 3,2023-06-06
P0034,Daniel,Gomez,Doctor 1,2023-06-06
P0140,Michelle,Miller,Doctor 1,2023-06-06
P0371,Cynthia,Reed,Doctor 2,2023-06-06
P0384,Charles,Rodriguez,Doctor 2,2023-06-06
P0391,John,Castillo,Doctor 1,2023-06-06
P0005,Ruth,Morris,Doctor 1,2023-06-07
P0016,Angela,Evans,Doctor 1,2023-06-07
P0016,Angela,Evans,Doctor 1,2023-06-07
P0095,Patrick,Howard,Doctor 3,2023-06-07
P0278,Gregory,Wilson,Doctor 2,2023-06-07
P0301,Andrew,Young,Doctor 3,2023-06-07
P0306,Sarah,Hill,Doctor 2,2023-06-07
P0340,Tyler,Garcia,Doctor 3,2023-06-07
P0342,Tyler,Wilson,Doctor 3,2023-06-07
P0447,Frank,Nelson,Doctor 3,2023-06-07
P0486,Patricia,Perez,Doctor 1,2023-06-07
P0021,John,Wright,Doctor 3,2023-06-08
P0165,Helen,Castillo,Doctor 3,2023-06-08
P0241,Joshua,Richardson,Doctor 3,2023-06-08
P0006,Donna,Thompson,Doctor 1,2023-06-09
P0067,Christopher,Martin,Doctor 2,2023-06-09
P0121,Jennifer,King,Doctor 2,2023-06-09
P0302,Ronald,Morris,Doctor 3,2023-06-09
P0478,James,Harris,Doctor 2,2023-06-09
P0238,Linda,Kelly,Doctor 2,2023-06-10
P0377,Anna,Brooks,Doctor 2,2023-06-10
P0090,Amy,Torres,Doctor 2,2023-06-11
P0196,Alexander,Davis,Doctor 3,2023-06-11
P0409,Brian,Lee,Doctor 2,2023-06-11
P0429,Steven,Mendoza,Doctor 2,2023-06-11
P0307,Sarah,Scott,Doctor 3,2023-06-12
P0324,Susan,Robinson,Doctor 1,2023-06-12
P0454,Kenneth,Wilson,Doctor 3,2023-06-12
P0454,Kenneth,Wilson,Doctor 3,2023-06-12
P0489,Ryan,Taylor,Doctor 2,2023-06-12
P0165,Helen,Castillo,Doctor 3,2023-06-13
P0217,Patricia,Smith,Doctor 1,2023-06-13
P0279,Jose,Martin,Doctor 2,2023-06-13
P0484,Eric,Harris,Doctor 3,2023-06-13
P0019,Jerry,Ward,Doctor 3,2023-06-14
P0038,Aaron,Patel,Doctor 3,2023-06-14
P0080,Christopher,Mitchell,Doctor 3,2023-06-14
P0301,Andrew,Young,Doctor 3,2023-06-14
P0343,Jonathan,Collins,Doctor 1,2023-06-14
P0380,Brenda,Rodriguez,Doctor 1,2023-06-14
P0397,Betty,Allen,Doctor 1,2023-06-14
P0158,Michelle,Johnson,Doctor 1,2023-06-15
P0226,Aaron,Jackson,Doctor 2,2023-06-15
P0276,Kathleen,Rogers,Doctor 1,2023-06-15
P0439,Alexander,Williams,Doctor 1,2023-06-15
P0475,Scott,Martin,Doctor 2,2023-06-15
P0495,Ronald,Price,Doctor 3,2023-06-15
P0012,Benjamin,Kelly,Doctor 3,2023-06-16
P0062,Michael,Garcia,Doctor 1,2023-06-16
P0087,Sarah,Patel,Doctor 1,2023-06-16
P0106,Virginia,Anderson,Doctor 1,2023-06-16
P0147,Scott,Walker,Doctor 3,2023-06-16
P0161,Stephen,Flores,Doctor 3,2023-06-16
P0201,Karen,Castillo,Doctor 2,2023-06-16
P0351,Stephen,Walker,Doctor 1,2023-06-16
P0358,Eric,Jackson,Doctor 1,2023-06-16
P0385,Donald,Perez,Doctor 3,2023-06-16
P0420,Jessica,Chavez,Doctor 3,2023-06-16
P0034,Daniel,Gomez,Doctor 1,2023-06-17
P0134,George,James,Doctor 2,2023-06-17
P0225,Jeffrey,Parker,Doctor 2,2023-06-17
P0278,Gregory,Wilson,Doctor 2,2023-06-17
P0397,Betty,Allen,Doctor 1,2023-06-17
P0428,Jacob,Garcia,Doctor 1,2023-06-17
P0479,Deborah,Chavez,Doctor 1,2023-06-17
P0005,Ruth,Morris,Doctor 1,2023-06-18
P0224,Patricia,Turner,Doctor 2,2023-06-18
P0285,Tyler,Torres,Doctor 3,2023-06-18
P0380,Brenda,Rodriguez,Doctor 1,2023-06-18
P0478,James,Harris,Doctor 2,2023-06-18
P0107,Ruth,Lewis,Doctor 2,2023-06-19
P0117,Brandon,Campbell,Doctor 3,2023-06-19
P0136,Ryan,Cook,Doctor 1,2023-06-19
P0138,Gregory,Gomez,Doctor 1,2023-06-19
P0236,Eric,Carter,Doctor 1,2023-06-19
P0438,Alexander,Lee,Doctor 1,2023-06-19
P0493,Steven,Stewart,Doctor 2,2023-06-19
P0210,Eric,Bailey,Doctor 1,2023-06-20
P0278,Gregory,Wilson,Doctor 2,2023-06-20
P0280,Daniel,Williams,Doctor 3,2023-06-20
P0400,Angela,Parker,Doctor 1,2023-06-20
P0420,Jessica,Chavez,Doctor 3,2023-06-20
P0466,Sharon,Baker,Doctor 3,2023-06-20
P0020,Samuel,Taylor,Doctor 3,2023-06-21
P0050,Helen,Clark,Doctor 2,2023-06-21
P0067,Christopher,Martin,Doctor 2,2023-06-21
P0116,Frank,Sanchez,Doctor 3,2023-06-21
P0129,Jack,Bailey,Doctor 1,2023-06-21
P0139,Rebecca,Rivera,Doctor 1,2023-06-21
P0153,Sarah,Gutierrez,Doctor 2,2023-06-21
P0159,Kevin,Wright,Doctor 1,2023-06-21
P0217,Patricia,Smith,Doctor 1,2023-06-21
P0392,Patrick,Robinson,Doctor 1,2023-06-21
P0398,Barbara,Cox,Doctor 3,2023-06-21
P0473,Frank,Lee,Doctor 2,2023-06-21
P0075,David,Brown,Doctor 2,2023-06-22
P0328,George,Williams,Doctor 2,2023-06-22
P0052,Deborah,Brown,Doctor 3,2023-06-23
P0062,Michael,Garcia,Doctor 1,2023-06-23
P0081,Carol,Murphy,Doctor 3,2023-06-23
P0182,Jason,Walker,Doctor 2,2023-06-23
P0183,Frank,Gonzalez,Doctor 2,2023-06-23
P0275,Sandra,Chavez,Doctor 2,2023-06-23
P0344,James,Bennett,Doctor 1,2023-06-23
P0356,Michelle,Taylor,Doctor 1,2023-06-23
P0036,Shirley,Reyes,Doctor 1,2023-06-24
P0161,Stephen,Flores,Doctor 3,2023-06-24
P0179,Patricia,Anderson,Doctor 2,2023-06-24
P0197,Nancy,Johnson,Doctor 2,2023-06-24
P0327,Nancy,Hughes,Doctor 3,2023-06-24
P0033,Anna,Walker,Doctor 1,2023-06-25
P0043,Susan,Howard,Doctor 3,2023-06-25
P0055,Carol,Kim,Doctor 2,2023-06-25
P0125,Daniel,Campbell,Doctor 3,2023-06-25
P0157,Angela,Nelson,Doctor 1,2023-06-25
P0184,Donna,Jackson,Doctor 1,2023-06-25
P0202,Brian,Watson,Doctor 2,2023-06-25
P0424,Laura,Parker,Doctor 1,2023-06-25
P0001,Michael,Stewart,Doctor 2,2023-06-26
P0093,Joseph,Roberts,Doctor 3,2023-06-26
P0109,Shirley,James,Doctor 1,2023-06-26
P0131,Angela,Lopez,Doctor 2,2023-06-26
P0142,Sarah,Castillo,Doctor 2,2023-06-26
P0216,Cynthia,Green,Doctor 2,2023-06-26
P0253,Shirley,Gonzalez,Doctor 2,2023-06-26
P0271,Linda,Alvarez,Doctor 2,2023-06-26
P0293,Sandra,Turner,Doctor 2,2023-06-26
P0313,Christopher,White,Doctor 1,2023-06-26
P0389,Sandra,Parker,Doctor 2,2023-06-26
P0012,Benjamin,Kelly,Doctor 3,2023-06-27
P0028,Joshua,Wilson,Doctor 3,2023-06-27
P0058,Gary,Hill,Doctor 2,2023-06-27
P0209,Brandon,Anderson,Doctor 1,2023-06-27
P0252,Anthony,Diaz,Doctor 2,2023-06-27
P0298,Stephen,Myers,Doctor 2,2023-06-27
P0309,Emma,Moore,Doctor 1,2023-06-27
P0321,Sarah,Richardson,Doctor 3,2023-06-27
P0359,James,Edwards,Doctor 2,2023-06-27
P0364,William,Brown,Doctor 1,2023-06-27
P0405,Mary,Harris,Doctor 2,2023-06-27
P0410,Amy,Cook,Doctor 2,2023-06-27
P0424,Laura,Parker,Doctor 1,2023-06-27
P0434,Deborah,Cox,Doctor 2,2023-06-27
P0444,Gary,Campbell,Doctor 3,2023-06-27
P0038,Aaron,Patel,Doctor 3,2023-06-28
P0104,Justin,Sanders,Doctor 1,2023-06-28
P0119,Jacob,Parker,Doctor 2,2023-06-28
P0260,Shirley,Ward,Doctor 2,2023-06-28
P0279,Jose,Martin,Doctor 2,2023-06-28
P0395,Betty,Gray,Doctor 2,2023-06-28
P0417,Larry,Parker,Doctor 2,2023-06-28
P0437,Karen,Cox,Doctor 2,2023-06-28
P0499,Lisa,Rivera,Doctor 1,2023-06-28
P0195,Sharon,Ramirez,Doctor 3,2023-06-29
P0208,Andrew,Carter,Doctor 3,2023-06-29
P0341,Jacob,Stewart,Doctor 2,2023-06-29
P0450,Ryan,Morgan,Doctor 3,2023-06-29
P0129,Jack,Bailey,Doctor 1,2023-06-30
P0304,Karen,Anderson,Doctor 2,2023-06-30
P0362,Joseph,Brown,Doctor 1,2023-06-30
P0498,Ruth,Wilson,Doctor 2,2023-06-30
P0040,Michelle,Hill,Doctor 2,2023-07-01
P0439,Alexander,Williams,Doctor 1,2023-07-01
P0460,Deborah,Young,Doctor 3,2023-07-01
P0472,Donna,Stewart,Doctor 3,2023-07-01
P0004,Joseph,Sanders,Doctor 3,2023-07-02
P0042,Michelle,Gomez,Doctor 1,2023-07-02
P0052,Deborah,Brown,Doctor 3,2023-07-02
P0122,Richard,Taylor,Doctor 2,2023-07-02
P0252,Anthony,Diaz,Doctor 2,2023-07-02
P0327,Nancy,Hughes,Doctor 3,2023-07-02
P0385,Donald,Perez,Doctor 3,2023-07-02
P0489,Ryan,Taylor,Doctor 2,2023-07-02
P0015,Carol,Adams,Doctor 1,2023-07-03
P0033,Anna,Walker,Doctor 1,2023-07-03
P0047,Susan,Myers,Doctor 1,2023-07-03
P0303,Dorothy,Mitchell,Doctor 3,2023-07-03
P0139,Rebecca,Rivera,Doctor 1,2023-07-04
P0142,Sarah,Castillo,Doctor 2,2023-07-04
P0158,Michelle,Johnson,Doctor 1,2023-07-04
P0181,Dennis,Jones,Doctor 2,2023-07-04
P0209,Brandon,Anderson,Doctor 1,2023-07-04
P0215,Anna,Turner,Doctor 2,2023-07-04
P0242,Shirley,Hall,Doctor 2,2023-07-04
P0458,Alexander,Kim,Doctor 3,2023-07-04
P0493,Steven,Stewart,Doctor 2,2023-07-04
P0031,Donna,Edwards,Doctor 2,2023-07-05
P0177,Aaron,King,Doctor 1,2023-07-05
P0276,Kathleen,Rogers,Doctor 1,2023-07-05
P0383,Jessica,Baker,Doctor 1,2023-07-05
P0394,Mary,Thomas,Doctor 2,2023-07-05
P0415,George,Rodriguez,Doctor 2,2023-07-05
P0086,Sandra,Taylor,Doctor 2,2023-07-06
P0351,Stephen,Walker,Doctor 1,2023-07-06
P0357,Michael,Reed,Doctor 1,2023-07-06
P0451,Ronald,James,Doctor 3,2023-07-06
P0047,Susan,Myers,Doctor 1,2023-07-07
P0068,Rebecca,Gonzalez,Doctor 3,2023-07-07
P0099,Tyler,Nelson,Doctor 3,2023-07-07
P0158,Michelle,Johnson,Doctor 1,2023-07-07
P0173,Jennifer,Price,Doctor 3,2023-07-07
P0240,Melissa,Phillips,Doctor 1,2023-07-07
P0393,Daniel,Brown,Doctor 2,2023-07-07
P0399,Lisa,Wilson,Doctor 2,2023-07-07
P0065,Nancy,Ramos,Doctor 1,2023-07-08
P0180,Amy,Ward,Doctor 3,2023-07-08
P0293,Sandra,Turner,Doctor 2,2023-07-08
P0347,Barbara,Hill,Doctor 2,2023-07-08
P0405,Mary,Harris,Doctor 2,2023-07-08
P0435,Carol,Parker,Doctor 2,2023-07-08
P0162,Jonathan,Parker,Doctor 3,2023-07-09
P0239,Kevin,Gonzalez,Doctor 1,2023-07-09
P0297,Jason,Morris,Doctor 3,2023-07-09
P0013,Nancy,Clark,Doctor 2,2023-07-10
P0219,Sharon,Anderson,Doctor 3,2023-07-10
P0238,Linda,Kelly,Doctor 2,2023-07-10
P0322,Michael,Watson,Doctor 2,2023-07-10
P0355,Richard,Morris,Doctor 2,2023-07-10
P0459,Barbara,Kelly,Doctor 2,2023-07-10
P0093,Joseph,Roberts,Doctor 3,2023-07-11
P0137,Andrew,Harris,Doctor 3,2023-07-11
P0156,Matthew,Clark,Doctor 2,2023-07-11
P0177,Aaron,King,Doctor 1,2023-07-11
P0220,Brandon,Mendoza,Doctor 1,2023-07-11
P0325,Laura,Turner,Doctor 1,2023-07-11
P0446,Nancy,Reyes,Doctor 2,2023-07-11
P0497,Michael,Harris,Doctor 2,2023-07-11
P0051,Sarah,Cox,Doctor 2,2023-07-12
P0067,Christopher,Martin,Doctor 2,2023-07-12
P0128,Deborah,White,Doctor 1,2023-07-12
P0194,Charles,Phillips,Doctor 2,2023-07-12
P0236,Eric,Carter,Doctor 1,2023-07-12
P0070,Brian,Wilson,Doctor 1,2023-07-13
P0148,Richard,Thomas,Doctor 3,2023-07-13
P0151,Thomas,Thomas,Doctor 1,2023-07-13
P0267,William,Cruz,Doctor 2,2023-07-13
P0330,Charles,Rivera,Doctor 3,2023-07-13
P0355,Richard,Morris,Doctor 2,2023-07-13
P0372,Deborah,Torres,Doctor 2,2023-07-13
P0374,Michael,Chavez,Doctor 3,2023-07-13
P0415,George,Rodriguez,Doctor 2,2023-07-13
P0415,George,Rodriguez,Doctor 2,2023-07-13
P0466,Sharon,Baker,Doctor 3,2023-07-13
P0475,Scott,Martin,Doctor 2,2023-07-13
P0053,Brenda,Brooks,Doctor 1,2023-07-14
P0058,Gary,Hill,Doctor 2,2023-07-14
P0130,Sharon,Miller,Doctor 3,2023-07-14
P0146,Michelle,Garcia,Doctor 1,2023-07-14
P0229,Frank,Moore,Doctor 2,2023-07-14
P0264,Dorothy,Murphy,Doctor 2,2023-07-14
P0292,Brian,Baker,Doctor 3,2023-07-14
P0334,Michelle,Morales,Doctor 3,2023-07-14
P0434,Deborah,Cox,Doctor 2,2023-07-14
P0098,Samuel,Rogers,Doctor 3,2023-07-15
P0262,Sandra,Bailey,Doctor 3,2023-07-15
P0409,Brian,Lee,Doctor 2,2023-07-15
P0409,Brian,Lee,Doctor 2,2023-07-15
P0425,Jonathan,Williams,Doctor 2,2023-07-15
P0447,Frank,Nelson,Doctor 3,2023-07-15
P0466,Sharon,Baker,Doctor 3,2023-07-15
P0015,Carol,Adams,Doctor 1,2023-07-16
P0031,Donna,Edwards,Doctor 2,2023-07-16
P0316,Jose,Williams,Doctor 3,2023-07-16
P0341,Jacob,Stewart,Doctor 2,2023-07-16
P0347,Barbara,Hill,Doctor 2,2023-07-16
P0031,Donna,Edwards,Doctor 2,2023-07-17
P0081,Carol,Murphy,Doctor 3,2023-07-17
P0480,Rebecca,Chavez,Doctor 2,2023-07-17
P0183,Frank,Gonzalez,Doctor 2,2023-07-18
P0482,Shirley,Reed,Doctor 1,2023-07-18
P0116,Frank,Sanchez,Doctor 3,2023-07-19
P0118,Thomas,Diaz,Doctor 1,2023-07-19
P0129,Jack,Bailey,Doctor 1,2023-07-19
P0398,Barbara,Cox,Doctor 3,2023-07-19
P0040,Michelle,Hill,Doctor 2,2023-07-20
P0041,Jennifer,Cruz,Doctor 2,2023-07-20
P0089,Rebecca,Rogers,Doctor 3,2023-07-20
P0132,Scott,Flores,Doctor 1,2023-07-20
P0232,Joseph,Davis,Doctor 1,2023-07-20
P0247,Patrick,Morgan,Doctor 2,2023-07-20
P0342,Tyler,Wilson,Doctor 3,2023-07-20
P0122,Richard,Taylor,Doctor 2,2023-07-21
P0126,Sarah,Roberts,Doctor 3,2023-07-21
P0178,Jack,Sanchez,Doctor 3,2023-07-21
P0362,Joseph,Brown,Doctor 1,2023-07-21
P0115,Kevin,Hall,Doctor 1,2023-07-22
P0156,Matthew,Clark,Doctor 2,2023-07-22
P0287,Jennifer,Stewart,Doctor 1,2023-07-22
P0296,Karen,Peterson,Doctor 3,2023-07-22
P0423,Elizabeth,Brooks,Doctor 3,2023-07-22
P0454,Kenneth,Wilson,Doctor 3,2023-07-22
P0007,Michelle,Cooper,Doctor 2,2023-07-23
P0072,Patrick,Green,Doctor 1,2023-07-23
P0150,Nancy,Bailey,Doctor 3,2023-07-23
P0329,Samuel,Castillo,Doctor 2,2023-07-23
P0343,Jonathan,Collins,Doctor 1,2023-07-23
P0357,Michael,Reed,Doctor 1,2023-07-23
P0435,Carol,Parker,Doctor 2,2023-07-23
P0082,John,Patel,Doctor 2,2023-07-24
P0221,Thomas,Martinez,Doctor 2,2023-07-24
P0240,Melissa,Phillips,Doctor 1,2023-07-24
P0353,Andrew,Torres,Doctor 2,2023-07-24
P0361,Gregory,Ramos,Doctor 2,2023-07-24
P0006,Donna,Thompson,Doctor 1,2023-07-25
P0009,Angela,Cooper,Doctor 2,2023-07-25
P0355,Richard,Morris,Doctor 2,2023-07-25
P0392,Patrick,Robinson,Doctor 1,2023-07-25
P0401,Raymond,Wood,Doctor 3,2023-07-25
P0428,Jacob,Garcia,Doctor 1,2023-07-25
P0477,Kimberly,Moore,Doctor 3,2023-07-25
P0481,Mark,Ramirez,Doctor 1,2023-07-25
P0049,James,Murphy,Doctor 3,2023-07-26
P0148,Richard,Thomas,Doctor 3,2023-07-26
P0235,Tyler,Perez,Doctor 3,2023-07-26
P0270,George,Sanchez,Doctor 3,2023-07-26
P0277,Donna,Morris,Doctor 1,2023-07-26
P0362,Joseph,Brown,Doctor 1,2023-07-26
P0363,Brandon,Ruiz,Doctor 1,2023-07-26
P0367,Brenda,Reyes,Doctor 1,2023-07-26
P0393,Daniel,Brown,Doctor 2,2023-07-26
P0458,Alexander,Kim,Doctor 3,2023-07-26
P0481,Mark,Ramirez,Doctor 1,2023-07-26
P0113,Melissa,Scott,Doctor 1,2023-07-27
P0153,Sarah,Gutierrez,Doctor 2,2023-07-27
P0209,Brandon,Anderson,Doctor 1,2023-07-27
P0296,Karen,Peterson,Doctor 3,2023-07-27
P0417,Larry,Parker,Doctor 2,2023-07-27
P0032,Jeffrey,Martinez,Doctor 1,2023-07-28
P0072,Patrick,Green,Doctor 1,2023-07-28
P0202,Brian,Watson,Doctor 2,2023-07-28
P0205,Charles,Bennett,Doctor 1,2023-07-28
P0237,Deborah,Martin,Doctor 2,2023-07-28
P0292,Brian,Baker,Doctor 3,2023-07-28
P0298,Stephen,Myers,Doctor 2,2023-07-28
P0371,Cynthia,Reed,Doctor 2,2023-07-28
P0015,Carol,Adams,Doctor 1,2023-07-29
P0035,Jerry,Allen,Doctor 1,2023-07-29
P0123,Michelle,Castillo,Doctor 2,2023-07-29
P0166,Donna,Cook,Doctor 2,2023-07-29
P0249,Daniel,Ward,Doctor 1,2023-07-29
P0282,Dorothy,Alvarez,Doctor 3,2023-07-29
P0299,Justin,Turner,Doctor 1,2023-07-29
P0489,Ryan,Taylor,Doctor 2,2023-07-29
P0045,Michael,Flores,Doctor 2,2023-07-30
P0073,Raymond,Mendoza,Doctor 3,2023-07-30
P0079,Gregory,Morgan,Doctor 2,2023-07-30
P0087,Sarah,Patel,Doctor 1,2023-07-30
P0138,Gregory,Gomez,Doctor 1,2023-07-30
P0145,George,Martin,Doctor 1,2023-07-30
P0156,Matthew,Clark,Doctor 2,2023-07-30
P0201,Karen,Castillo,Doctor 2,2023-07-30
P0217,Patricia,Smith,Doctor 1,2023-07-30
P0288,Jennifer,Wood,Doctor 2,2023-07-30
P0290,Betty,Wood,Doctor 1,2023-07-30
P0346,John,Nelson,Doctor 1,2023-07-30
P0404,Lisa,Price,Doctor 3,2023-07-30
P0467,George,Gray,Doctor 2,2023-07-30
P0074,Elizabeth,Gonzalez,Doctor 2,2023-07-31
P0145,George,Martin,Doctor 1,2023-07-31
P0255,Michael,Alvarez,Doctor 3,2023-07-31
P0259,Shirley,Rivera,Doctor 3,2023-07-31
P0282,Dorothy,Alvarez,Doctor 3,2023-07-31
P0431,Michelle,Jones,Doctor 3,2023-07-31
P0489,Ryan,Taylor,Doctor 2,2023-07-31
P0100,Benjamin,Roberts,Doctor 3,2023-08-01
P0238,Linda,Kelly,Doctor 2,2023-08-01
P0260,Shirley,Ward,Doctor 2,2023-08-01
P0324,Susan,Robinson,Doctor 1,2023-08-01
P0435,Carol,Parker,Doctor 2,2023-08-01
P0022,Michelle,Kelly,Doctor 2,2023-08-02
P0114,Tyler,Turner,Doctor 3,2023-08-02
P0193,Michael,Phillips,Doctor 1,2023-08-02
P0310,Deborah,Smith,Doctor 3,2023-08-02
P0346,John,Nelson,Doctor 1,2023-08-02
P0356,Michelle,Taylor,Doctor 1,2023-08-02
P0360,David,Gonzalez,Doctor 3,2023-08-02
P0387,Kenneth,Young,Doctor 3,2023-08-02
P0392,Patrick,Robinson,Doctor 1,2023-08-02
P0038,Aaron,Patel,Doctor 3,2023-08-03
P0082,John,Patel,Doctor 2,2023-08-03
P0161,Stephen,Flores,Doctor 3,2023-08-03
P0170,Anthony,Torres,Doctor 1,2023-08-03
P0254,Deborah,Edwards,Doctor 3,2023-08-03
P0264,Dorothy,Murphy,Doctor 2,2023-08-03
P0264,Dorothy,Murphy,Doctor 2,2023-08-03
P0267,William,Cruz,Doctor 2,2023-08-03
P0288,Jennifer,Wood,Doctor 2,2023-08-03
P0415,George,Rodriguez,Doctor 2,2023-08-03
P0020,Samuel,Taylor,Doctor 3,2023-08-04
P0023,George,Myers,Doctor 3,2023-08-04
P0058,Gary,Hill,Doctor 2,2023-08-04
P0206,Jessica,Edwards,Doctor 3,2023-08-04
P0211,Amy,Brooks,Doctor 2,2023-08-04
P0295,Gary,Reed,Doctor 1,2023-08-04
P0301,Andrew,Young,Doctor 3,2023-08-04
P0327,Nancy,Hughes,Doctor 3,2023-08-04
P0348,Michelle,Reyes,Doctor 3,2023-08-04
P0491,Justin,Johnson,Doctor 3,2023-08-04
P0493,Steven,Stewart,Doctor 2,2023-08-04
P0071,Gary,Cox,Doctor 3,2023-08-05
P0082,John,Patel,Doctor 2,2023-08-05
P0199,Raymond,Baker,Doctor 3,2023-08-05
P0304,Karen,Anderson,Doctor 2,2023-08-05
P0441,Ruth,Gutierrez,Doctor 1,2023-08-05
P0480,Rebecca,Chavez,Doctor 2,2023-08-05
P0212,Aaron,Lee,Doctor 1,2023-08-06
P0406,Jessica,Richardson,Doctor 1,2023-08-06
P0426,Karen,Kelly,Doctor 2,2023-08-06
P0016,Angela,Evans,Doctor 1,2023-08-07
P0100,Benjamin,Roberts,Doctor 3,2023-08-07
P0113,Melissa,Scott,Doctor 1,2023-08-07
P0264,Dorothy,Murphy,Doctor 2,2023-08-07
P0300,Jack,Edwards,Doctor 2,2023-08-07
P0317,Ruth,Perez,Doctor 1,2023-08-07
P0333,Gregory,Sanders,Doctor 2,2023-08-07
P0334,Michelle,Morales,Doctor 3,2023-08-07
P0363,Brandon,Ruiz,Doctor 1,2023-08-07
P0469,John,Chavez,Doctor 1,2023-08-07
P0045,Michael,Flores,Doctor 2,2023-08-08
P0064,Donna,Clark,Doctor 3,2023-08-08
P0209,Brandon,Anderson,Doctor 1,2023-08-08
P0222,George,Kelly,Doctor 3,2023-08-08
P0261,Sarah,Morales,Doctor 1,2023-08-08
P0274,Jack,Cruz,Doctor 1,2023-08-08
P0357,Michael,Reed,Doctor 1,2023-08-08
P0233,Sandra,Robinson,Doctor 3,2023-08-09
P0347,Barbara,Hill,Doctor 2,2023-08-09
P0443,Laura,Baker,Doctor 3,2023-08-09
P0010,Mary,Hall,Doctor 1,2023-08-10
P0012,Benjamin,Kelly,Doctor 3,2023-08-10
P0013,Nancy,Clark,Doctor 2,2023-08-10
P0031,Donna,Edwards,Doctor 2,2023-08-10
P0078,Dennis,Diaz,Doctor 1,2023-08-10
P0174,Anna,Lopez,Doctor 1,2023-08-10
P0203,Rebecca,Wood,Doctor 1,2023-08-10
P0223,Charles,Gomez,Doctor 3,2023-08-10
P0244,Sarah,Peterson,Doctor 1,2023-08-10
P0323,Steven,Miller,Doctor 2,2023-08-10
P0353,Andrew,Torres,Doctor 2,2023-08-10
P0406,Jessica,Richardson,Doctor 1,2023-08-10
P0422,Patrick,Morales,Doctor 3,2023-08-10
P0492,Ruth,Patel,Doctor 2,2023-08-10
P0160,Deborah,Flores,Doctor 2,2023-08-11
P0335,Aaron,Miller,Doctor 3,2023-08-11
P0353,Andrew,Torres,Doctor 2,2023-08-11
P0388,Jerry,Brooks,Doctor 2,2023-08-11
P0474,Joshua,Harris,Doctor 1,2023-08-11
P0127,Daniel,Bennett,Doctor 3,2023-08-12
P0184,Donna,Jackson,Doctor 1,2023-08-12
P0426,Karen,Kelly,Doctor 2,2023-08-12
P0444,Gary,Campbell,Doctor 3,2023-08-12
P0487,Kenneth,Lewis,Doctor 3,2023-08-12
P0020,Samuel,Taylor,Doctor 3,2023-08-13
P0052,Deborah,Brown,Doctor 3,2023-08-13
P0185,Emma,Carter,Doctor 1,2023-08-13
P0229,Frank,Moore,Doctor 2,2023-08-13
P0249,Daniel,Ward,Doctor 1,2023-08-13
P0340,Tyler,Garcia,Doctor 3,2023-08-13
P0346,John,Nelson,Doctor 1,2023-08-13
P0072,Patrick,Green,Doctor 1,2023-08-14
P0263,Benjamin,Lewis,Doctor 2,2023-08-14
P0273,Barbara,Edwards,Doctor 1,2023-08-14
P0402,Jose,Jackson,Doctor 2,2023-08-14
P0453,Kimberly,Peterson,Doctor 3,2023-08-14
P0045,Michael,Flores,Doctor 2,2023-08-15
P0079,Gregory,Morgan,Doctor 2,2023-08-15
P0098,Samuel,Rogers,Doctor 3,2023-08-15
P0155,Ryan,Lee,Doctor 2,2023-08-15
P0243,Michelle,King,Doctor 3,2023-08-15
P0423,Elizabeth,Brooks,Doctor 3,2023-08-15
P0431,Michelle,Jones,Doctor 3,2023-08-15
P0455,Jose,Gonzalez,Doctor 2,2023-08-15
P0151,Thomas,Thomas,Doctor 1,2023-08-16
P0163,Kathleen,Phillips,Doctor 1,2023-08-16
P0240,Melissa,Phillips,Doctor 1,2023-08-16
P0254,Deborah,Edwards,Doctor 3,2023-08-16
P0255,Michael,Alvarez,Doctor 3,2023-08-16
P0296,Karen,Peterson,Doctor 3,2023-08-16
P0349,Carol,Robinson,Doctor 2,2023-08-16
P0447,Frank,Nelson,Doctor 3,2023-08-16
P0080,Christopher,Mitchell,Doctor 3,2023-08-17
P0109,Shirley,James,Doctor 1,2023-08-17
P0123,Michelle,Castillo,Doctor 2,2023-08-17
P0130,Sharon,Miller,Doctor 3,2023-08-17
P0277,Donna,Morris,Doctor 1,2023-08-17
P0350,Lisa,Baker,Doctor 3,2023-08-17
P0017,Jacob,Thompson,Doctor 2,2023-08-18
P0039,Karen,Wilson,Doctor 2,2023-08-18
P0166,Donna,Cook,Doctor 2,2023-08-18
P0200,Anna,Adams,Doctor 3,2023-08-18
P0241,Joshua,Richardson,Doctor 3,2023-08-18
P0331,Anna,Alvarez,Doctor 2,2023-08-18
P0357,Michael,Reed,Doctor 1,2023-08-18
P0365,Frank,Adams,Doctor 2,2023-08-18
P0422,Patrick,Morales,Doctor 3,2023-08-18
P0486,Patricia,Perez,Doctor 1,2023-08-18
P0497,Michael,Harris,Doctor 2,2023-08-18
P0056,Mark,Ortiz,Doctor 1,2023-08-19
P0071,Gary,Cox,Doctor 3,2023-08-19
P0089,Rebecca,Rogers,Doctor 3,2023-08-19
P0178,Jack,Sanchez,Doctor 3,2023-08-19
P0212,Aaron,Lee,Doctor 1,2023-08-19
P0337,Aaron,Baker,Doctor 1,2023-08-19
P0342,Tyler,Wilson,Doctor 3,2023-08-19
P0383,Jessica,Baker,Doctor 1,2023-08-19
P0392,Patrick,Robinson,Doctor 1,2023-08-19
P0400,Angela,Parker,Doctor 1,2023-08-19
P0112,Linda,Peterson,Doctor 2,2023-08-20
P0115,Kevin,Hall,Doctor 1,2023-08-20
P0122,Richard,Taylor,Doctor 2,2023-08-20
P0212,Aaron,Lee,Doctor 1,2023-08-20
P0264,Dorothy,Murphy,Doctor 2,2023-08-20
P0325,Laura,Turner,Doctor 1,2023-08-20
P0331,Anna,Alvarez,Doctor 2,2023-08-20
P0010,Mary,Hall,Doctor 1,2023-08-21
P0026,Patricia,Flores,Doctor 3,2023-08-21
P0050,Helen,Clark,Doctor 2,2023-08-21
P0170,Anthony,Torres,Doctor 1,2023-08-21
P0179,Patricia,Anderson,Doctor 2,2023-08-21
P0224,Patricia,Turner,Doctor 2,2023-08-21
P0233,Sandra,Robinson,Doctor 3,2023-08-21
P0338,Laura,Taylor,Doctor 1,2023-08-21
P0366,Sandra,Campbell,Doctor 3,2023-08-21
P0391,John,Castillo,Doctor 1,2023-08-21
P0104,Justin,Sanders,Doctor 1,2023-08-22
P0213,Karen,Wood,Doctor 3,2023-08-22
P0363,Brandon,Ruiz,Doctor 1,2023-08-22
P0406,Jessica,Richardson,Doctor 1,2023-08-22
P0048,Christopher,Gonzalez,Doctor 1,2023-08-23
P0057,Raymond,Jones,Doctor 2,2023-08-23
P0105,Edward,Price,Doctor 3,2023-08-23
P0151,Thomas,Thomas,Doctor 1,2023-08-23
P0156,Matthew,Clark,Doctor 2,2023-08-23
P0189,Brenda,Hill,Doctor 2,2023-08-23
P0310,Deborah,Smith,Doctor 3,2023-08-23
P0354,Jessica,Alvarez,Doctor 3,2023-08-23
P0358,Eric,Jackson,Doctor 1,2023-08-23
P0398,Barbara,Cox,Doctor 3,2023-08-23
P0492,Ruth,Patel,Doctor 2,2023-08-23
P0010,Mary,Hall,Doctor 1,2023-08-24
P0018,Stephen,Roberts,Doctor 1,2023-08-24
P0033,Anna,Walker,Doctor 1,2023-08-24
P0074,Elizabeth,Gonzalez,Doctor 2,2023-08-24
P0199,Raymond,Baker,Doctor 3,2023-08-24
P0205,Charles,Bennett,Doctor 1,2023-08-24
P0280,Daniel,Williams,Doctor 3,2023-08-24
P0364,William,Brown,Doctor 1,2023-08-24
P0395,Betty,Gray,Doctor 2,2023-08-24
P0446,Nancy,Reyes,Doctor 2,2023-08-24
P0500,David,Rogers,Doctor 3,2023-08-24
P0096,Jerry,Williams,Doctor 2,2023-08-25
P0097,Virginia,Richardson,Doctor 3,2023-08-25
P0204,Scott,Rogers,Doctor 3,2023-08-25
P0252,Anthony,Diaz,Doctor 2,2023-08-25
P0362,Joseph,Brown,Doctor 1,2023-08-25
P0379,Gregory,Green,Doctor 2,2023-08-25
P0411,Jessica,Thomas,Doctor 1,2023-08-25
P0029,Andrew,Myers,Doctor 2,2023-08-26
P0271,Linda,Alvarez,Doctor 2,2023-08-26
P0352,Joshua,Nguyen,Doctor 3,2023-08-26
P0356,Michelle,Taylor,Doctor 1,2023-08-26
P0366,Sandra,Campbell,Doctor 3,2023-08-26
P0054,Edward,Wright,Doctor 1,2023-08-27
P0155,Ryan,Lee,Doctor 2,2023-08-27
P0246,Kevin,Taylor,Doctor 3,2023-08-27
P0268,Michael,Allen,Doctor 1,2023-08-27
P0268,Michael,Allen,Doctor 1,2023-08-27
P0378,Cynthia,Roberts,Doctor 2,2023-08-27
P0403,Michelle,Wright,Doctor 1,2023-08-27
P0499,Lisa,Rivera,Doctor 1,2023-08-27
P0045,Michael,Flores,Doctor 2,2023-08-28
P0106,Virginia,Anderson,Doctor 1,2023-08-28
P0157,Angela,Nelson,Doctor 1,2023-08-28
P0247,Patrick,Morgan,Doctor 2,2023-08-28
P0257,Samuel,Miller,Doctor 2,2023-08-28
P0261,Sarah,Morales,Doctor 1,2023-08-28
P0313,Christopher,White,Doctor 1,2023-08-28
P0361,Gregory,Ramos,Doctor 2,2023-08-28
P0405,Mary,Harris,Doctor 2,2023-08-28
P0435,Carol,Parker,Doctor 2,2023-08-28
P0461,Jessica,Nguyen,Doctor 1,2023-08-28
P0004,Joseph,Sanders,Doctor 3,2023-08-29
P0063,George,Patel,Doctor 2,2023-08-29
P0073,Raymond,Mendoza,Doctor 3,2023-08-29
P0277,Donna,Morris,Doctor 1,2023-08-29
P0337,Aaron,Baker,Doctor 1,2023-08-29
P0369,Patrick,Cruz,Doctor 2,2023-08-29
P0419,Jack,Lee,Doctor 3,2023-08-29
P0482,Shirley,Reed,Doctor 1,2023-08-29
P0039,Karen,Wilson,Doctor 2,2023-08-30
P0053,Brenda,Brooks,Doctor 1,2023-08-30
P0171,Samuel,Turner,Doctor 3,2023-08-30
P0214,Amy,Sanchez,Doctor 2,2023-08-30
P0218,Cynthia,Cooper,Doctor 2,2023-08-30
P0429,Steven,Mendoza,Doctor 2,2023-08-30
P0482,Shirley,Reed,Doctor 1,2023-08-30
P0048,Christopher,Gonzalez,Doctor 1,2023-08-31
P0064,Donna,Clark,Doctor 3,2023-08-31
P0162,Jonathan,Parker,Doctor 3,2023-08-31
P0216,Cynthia,Green,Doctor 2,2023-08-31
P0432,Joseph,Jackson,Doctor 1,2023-08-31
P0016,Angela,Evans,Doctor 1,2023-09-01
P0023,George,Myers,Doctor 3,2023-09-01
P0071,Gary,Cox,Doctor 3,2023-09-01
P0160,Deborah,Flores,Doctor 2,2023-09-01
P0171,Samuel,Turner,Doctor 3,2023-09-01
P0391,John,Castillo,Doctor 1,2023-09-01
P0440,Kathleen,Gonzalez,Doctor 1,2023-09-01
P0440,Kathleen,Gonzalez,Doctor 1,2023-09-01
P0069,Helen,Murphy,Doctor 1,2023-09-02
P0432,Joseph,Jackson,Doctor 1,2023-09-02
P0160,Deborah,Flores,Doctor 2,2023-09-03
P0233,Sandra,Robinson,Doctor 3,2023-09-03
P0354,Jessica,Alvarez,Doctor 3,2023-09-03
P0406,Jessica,Richardson,Doctor 1,2023-09-03
P0036,Shirley,Reyes,Doctor 1,2023-09-04
P0083,Virginia,Morales,Doctor 2,2023-09-04
P0114,Tyler,Turner,Doctor 3,2023-09-04
P0169,Timothy,Carter,Doctor 1,2023-09-04
P0248,Kathleen,Torres,Doctor 2,2023-09-04
P0253,Shirley,Gonzalez,Doctor 2,2023-09-04
P0405,Mary,Harris,Doctor 2,2023-09-04
P0408,Brian,Williams,Doctor 3,2023-09-04
P0013,Nancy,Clark,Doctor 2,2023-09-05
P0048,Christopher,Gonzalez,Doctor 1,2023-09-05
P0419,Jack,Lee,Doctor 3,2023-09-05
P0426,Karen,Kelly,Doctor 2,2023-09-05
P0041,Jennifer,Cruz,Doctor 2,2023-09-06
P0137,Andrew,Harris,Doctor 3,2023-09-06
P0310,Deborah,Smith,Doctor 3,2023-09-06
P0340,Tyler,Garcia,Doctor 3,2023-09-06
P0428,Jacob,Garcia,Doctor 1,2023-09-06
P0066,Kathleen,Reyes,Doctor 2,2023-09-07
P0096,Jerry,Williams,Doctor 2,2023-09-07
P0150,Nancy,Bailey,Doctor 3,2023-09-07
P0173,Jennifer,Price,Doctor 3,2023-09-07
P0258,Dorothy,Martinez,Doctor 2,2023-09-07
P0316,Jose,Williams,Doctor 3,2023-09-07
P0460,Deborah,Young,Doctor 3,2023-09-07
P0014,Donald,Hernandez,Doctor 1,2023-09-08
P0116,Frank,Sanchez,Doctor 3,2023-09-08
P0122,Richard,Taylor,Doctor 2,2023-09-08
P0171,Samuel,Turner,Doctor 3,2023-09-08
P0216,Cynthia,Green,Doctor 2,2023-09-08
P0219,Sharon,Anderson,Doctor 3,2023-09-08
P0254,Deborah,Edwards,Doctor 3,2023-09-08
P0340,Tyler,Garcia,Doctor 3,2023-09-08
P0355,Richard,Morris,Doctor 2,2023-09-08
P0425,Jonathan,Williams,Doctor 2,2023-09-08
P0003,Larry,Nelson,Doctor 1,2023-09-09
P0043,Susan,Howard,Doctor 3,2023-09-09
P0051,Sarah,Cox,Doctor 2,2023-09-09
P0121,Jennifer,King,Doctor 2,2023-09-09
P0171,Samuel,Turner,Doctor 3,2023-09-09
P0207,Justin,Nelson,Doctor 1,2023-09-09
P0290,Betty,Wood,Doctor 1,2023-09-09
P0063,George,Patel,Doctor 2,2023-09-10
P0103,Joseph,Martin,Doctor 3,2023-09-10
P0151,Thomas,Thomas,Doctor 1,2023-09-10
P0288,Jennifer,Wood,Doctor 2,2023-09-10
P0409,Brian,Lee,Doctor 2,2023-09-10
P0143,Karen,Gray,Doctor 2,2023-09-11
P0242,Shirley,Hall,Doctor 2,2023-09-11
P0436,Joshua,Mendoza,Doctor 1,2023-09-11
P0487,Kenneth,Lewis,Doctor 3,2023-09-11
P0068,Rebecca,Gonzalez,Doctor 3,2023-09-12
P0252,Anthony,Diaz,Doctor 2,2023-09-12
P0254,Deborah,Edwards,Doctor 3,2023-09-12
P0289,Edward,Cooper,Doctor 1,2023-09-12
P0350,Lisa,Baker,Doctor 3,2023-09-12
P0351,Stephen,Walker,Doctor 1,2023-09-12
P0372,Deborah,Torres,Doctor 2,2023-09-12
P0395,Betty,Gray,Doctor 2,2023-09-12
P0405,Mary,Harris,Doctor 2,2023-09-12
P0428,Jacob,Garcia,Doctor 1,2023-09-12
P0003,Larry,Nelson,Doctor 1,2023-09-13
P0076,Aaron,Brown,Doctor 3,2023-09-13
P0118,Thomas,Diaz,Doctor 1,2023-09-13
P0123,Michelle,Castillo,Doctor 2,2023-09-13
P0315,Gary,Young,Doctor 3,2023-09-13
P0435,Carol,Parker,Doctor 2,2023-09-13
P0057,Raymond,Jones,Doctor 2,2023-09-14
P0137,Andrew,Harris,Doctor 3,2023-09-14
P0139,Rebecca,Rivera,Doctor 1,2023-09-14
P0246,Kevin,Taylor,Doctor 3,2023-09-14
P0264,Dorothy,Murphy,Doctor 2,2023-09-14
P0056,Mark,Ortiz,Doctor 1,2023-09-15
P0103,Joseph,Martin,Doctor 3,2023-09-15
P0110,Barbara,Cooper,Doctor 3,2023-09-15
P0121,Jennifer,King,Doctor 2,2023-09-15
P0160,Deborah,Flores,Doctor 2,2023-09-15
P0177,Aaron,King,Doctor 1,2023-09-15
P0192,James,Perez,Doctor 1,2023-09-15
P0214,Amy,Sanchez,Doctor 2,2023-09-15
P0225,Jeffrey,Parker,Doctor 2,2023-09-15
P0280,Daniel,Williams,Doctor 3,2023-09-15
P0338,Laura,Taylor,Doctor 1,2023-09-15
P0376,Donald,Hughes,Doctor 1,2023-09-15
P0397,Betty,Allen,Doctor 1,2023-09-15
P0427,Jessica,Cox,Doctor 1,2023-09-15
P0003,Larry,Nelson,Doctor 1,2023-09-16
P0059,Ruth,White,Doctor 3,2023-09-16
P0106,Virginia,Anderson,Doctor 1,2023-09-16
P0119,Jacob,Parker,Doctor 2,2023-09-16
P0193,Michael,Phillips,Doctor 1,2023-09-16
P0198,Mary,Parker,Doctor 3,2023-09-16
P0375,Deborah,Castillo,Doctor 3,2023-09-16
P0386,Patricia,Peterson,Doctor 3,2023-09-16
P0475,Scott,Martin,Doctor 2,2023-09-16
P0062,Michael,Garcia,Doctor 1,2023-09-17
P0079,Gregory,Morgan,Doctor 2,2023-09-17
P0158,Michelle,Johnson,Doctor 1,2023-09-17
P0206,Jessica,Edwards,Doctor 3,2023-09-17
P0264,Dorothy,Murphy,Doctor 2,2023-09-17
P0326,Michael,Ramirez,Doctor 3,2023-09-17
P0427,Jessica,Cox,Doctor 1,2023-09-17
P0444,Gary,Campbell,Doctor 3,2023-09-17
P0070,Brian,Wilson,Doctor 1,2023-09-18
P0077,Justin,Wilson,Doctor 1,2023-09-18
P0249,Daniel,Ward,Doctor 1,2023-09-18
P0269,Elizabeth,Moore,Doctor 3,2023-09-18
P0448,William,Lee,Doctor 1,2023-09-18
P0455,Jose,Gonzalez,Doctor 2,2023-09-18
P0456,Jack,Johnson,Doctor 3,2023-09-18
P0473,Frank,Lee,Doctor 2,2023-09-18
P0105,Edward,Price,Doctor 3,2023-09-19
P0190,Larry,Perez,Doctor 1,2023-09-19
P0276,Kathleen,Rogers,Doctor 1,2023-09-19
P0279,Jose,Martin,Doctor 2,2023-09-19
P0324,Susan,Robinson,Doctor 1,2023-09-19
P0394,Mary,Thomas,Doctor 2,2023-09-19
P0249,Daniel,Ward,Doctor 1,2023-09-20
P0271,Linda,Alvarez,Doctor 2,2023-09-20
P0340,Tyler,Garcia,Doctor 3,2023-09-20
P0153,Sarah,Gutierrez,Doctor 2,2023-09-21
P0186,Larry,Baker,Doctor 3,2023-09-21
P0280,Daniel,Williams,Doctor 3,2023-09-21
P0321,Sarah,Richardson,Doctor 3,2023-09-21
P0385,Donald,Perez,Doctor 3,2023-09-21
P0435,Carol,Parker,Doctor 2,2023-09-21
P0438,Alexander,Lee,Doctor 1,2023-09-21
P0442,Kimberly,Morales,Doctor 1,2023-09-21
P0030,Amy,Wilson,Doctor 1,2023-09-22
P0144,Ronald,Adams,Doctor 1,2023-09-22
P0187,Jason,Scott,Doctor 1,2023-09-22
P0197,Nancy,Johnson,Doctor 2,2023-09-22
P0248,Kathleen,Torres,Doctor 2,2023-09-22
P0274,Jack,Cruz,Doctor 1,2023-09-22
P0284,Rebecca,Hall,Doctor 3,2023-09-22
P0448,William,Lee,Doctor 1,2023-09-22
P0480,Rebecca,Chavez,Doctor 2,2023-09-22
P0492,Ruth,Patel,Doctor 2,2023-09-22
P0324,Susan,Robinson,Doctor 1,2023-09-23
P0017,Jacob,Thompson,Doctor 2,2023-09-24
P0091,Patricia,Garcia,Doctor 1,2023-09-24
P0099,Tyler,Nelson,Doctor 3,2023-09-24
P0310,Deborah,Smith,Doctor 3,2023-09-24
P0460,Deborah,Young,Doctor 3,2023-09-24
P0498,Ruth,Wilson,Doctor 2,2023-09-24
P0186,Larry,Baker,Doctor 3,2023-09-25
P0196,Alexander,Davis,Doctor 3,2023-09-25
P0202,Brian,Watson,Doctor 2,2023-09-25
P0226,Aaron,Jackson,Doctor 2,2023-09-25
P0251,Alexander,Harris,Doctor 2,2023-09-25
P0418,Brenda,Ward,Doctor 1,2023-09-25
P0006,Donna,Thompson,Doctor 1,2023-09-26
P0270,George,Sanchez,Doctor 3,2023-09-26
P0075,David,Brown,Doctor 2,2023-09-27
P0120,Kevin,Adams,Doctor 3,2023-09-27
P0161,Stephen,Flores,Doctor 3,2023-09-27
P0256,Mark,Cook,Doctor 1,2023-09-27
P0304,Karen,Anderson,Doctor 2,2023-09-27
P0479,Deborah,Chavez,Doctor 1,2023-09-27
P0496,Nancy,Nelson,Doctor 3,2023-09-27
P0075,David,Brown,Doctor 2,2023-09-28
P0163,Kathleen,Phillips,Doctor 1,2023-09-28
P0167,Sarah,Kim,Doctor 1,2023-09-28
P0225,Jeffrey,Parker,Doctor 2,2023-09-28
P0265,Michael,Martinez,Doctor 1,2023-09-28
P0282,Dorothy,Alvarez,Doctor 3,2023-09-28
P0404,Lisa,Price,Doctor 3,2023-09-28
P0455,Jose,Gonzalez,Doctor 2,2023-09-28
P0336,Patrick,Wright,Doctor 3,2023-09-29
P0389,Sandra,Parker,Doctor 2,2023-09-29
P0442,Kimberly,Morales,Doctor 1,2023-09-29
P0469,John,Chavez,Doctor 1,2023-09-29
P0098,Samuel,Rogers,Doctor 3,2023-09-30
P0154,Michelle,Carter,Doctor 1,2023-09-30
P0228,Betty,Bailey,Doctor 1,2023-09-30
P0304,Karen,Anderson,Doctor 2,2023-09-30
P0344,James,Bennett,Doctor 1,2023-09-30
P0383,Jessica,Baker,Doctor 1,2023-09-30
P0415,George,Rodriguez,Doctor 2,2023-09-30
P0061,Joshua,Castillo,Doctor 3,2023-10-01
P0137,Andrew,Harris,Doctor 3,2023-10-01
P0331,Anna,Alvarez,Doctor 2,2023-10-01
P0349,Carol,Robinson,Doctor 2,2023-10-01
P0370,Melissa,Lee,Doctor 2,2023-10-01
P0486,Patricia,Perez,Doctor 1,2023-10-01
P0022,Michelle,Kelly,Doctor 2,2023-10-02
P0111,Kimberly,Morgan,Doctor 1,2023-10-02
P0142,Sarah,Castillo,Doctor 2,2023-10-02
P0287,Jennifer,Stewart,Doctor 1,2023-10-02
P0369,Patrick,Cruz,Doctor 2,2023-10-02
P0373,Shirley,Ortiz,Doctor 1,2023-10-02
P0494,Brenda,Moore,Doctor 3,2023-10-02
P0039,Karen,Wilson,Doctor 2,2023-10-03
P0068,Rebecca,Gonzalez,Doctor 3,2023-10-03
P0167,Sarah,Kim,Doctor 1,2023-10-03
P0327,Nancy,Hughes,Doctor 3,2023-10-03
P0023,George,Myers,Doctor 3,2023-10-04
P0148,Richard,Thomas,Doctor 3,2023-10-04
P0204,Scott,Rogers,Doctor 3,2023-10-04
P0421,Ruth,Parker,Doctor 1,2023-10-04
P0058,Gary,Hill,Doctor 2,2023-10-05
P0137,Andrew,Harris,Doctor 3,2023-10-05
P0356,Michelle,Taylor,Doctor 1,2023-10-05
P0383,Jessica,Baker,Doctor 1,2023-10-05
P0037,Sarah,Edwards,Doctor 2,2023-10-06
P0332,Christopher,Ortiz,Doctor 3,2023-10-06
P0368,Sarah,Wilson,Doctor 3,2023-10-06
P0370,Melissa,Lee,Doctor 2,2023-10-06
P0108,Michael,Young,Doctor 2,2023-10-07
P0116,Frank,Sanchez,Doctor 3,2023-10-07
P0210,Eric,Bailey,Doctor 1,2023-10-07
P0279,Jose,Martin,Doctor 2,2023-10-07
P0449,Laura,Gonzalez,Doctor 2,2023-10-07
P0475,Scott,Martin,Doctor 2,2023-10-07
P0085,Cynthia,Flores,Doctor 3,2023-10-08
P0416,Ruth,Lopez,Doctor 2,2023-10-08
P0060,Jerry,Evans,Doctor 1,2023-10-09
P0231,Mary,Morales,Doctor 2,2023-10-09
P0421,Ruth,Parker,Doctor 1,2023-10-09
P0220,Brandon,Mendoza,Doctor 1,2023-10-10
P0287,Jennifer,Stewart,Doctor 1,2023-10-10
P0309,Emma,Moore,Doctor 1,2023-10-10
P0385,Donald,Perez,Doctor 3,2023-10-10
P0411,Jessica,Thomas,Doctor 1,2023-10-10
P0443,Laura,Baker,Doctor 3,2023-10-10
P0465,Michelle,Williams,Doctor 1,2023-10-10
P0012,Benjamin,Kelly,Doctor 3,2023-10-11
P0015,Carol,Adams,Doctor 1,2023-10-11
P0159,Kevin,Wright,Doctor 1,2023-10-11
P0240,Melissa,Phillips,Doctor 1,2023-10-11
P0290,Betty,Wood,Doctor 1,2023-10-11
P0358,Eric,Jackson,Doctor 1,2023-10-11
P0360,David,Gonzalez,Doctor 3,2023-10-11
P0437,Karen,Cox,Doctor 2,2023-10-11
P0438,Alexander,Lee,Doctor 1,2023-10-11
P0171,Samuel,Turner,Doctor 3,2023-10-12
P0313,Christopher,White,Doctor 1,2023-10-12
P0461,Jessica,Nguyen,Doctor 1,2023-10-12
P0479,Deborah,Chavez,Doctor 1,2023-10-12
P0047,Susan,Myers,Doctor 1,2023-10-13
P0107,Ruth,Lewis,Doctor 2,2023-10-13
P0237,Deborah,Martin,Doctor 2,2023-10-13
P0308,Kimberly,Baker,Doctor 2,2023-10-13
P0365,Frank,Adams,Doctor 2,2023-10-13
P0439,Alexander,Williams,Doctor 1,2023-10-13
P0479,Deborah,Chavez,Doctor 1,2023-10-13
P0100,Benjamin,Roberts,Doctor 3,2023-10-14
P0101,Gary,Clark,Doctor 3,2023-10-14
P0131,Angela,Lopez,Doctor 2,2023-10-14
P0152,Donna,Howard,Doctor 3,2023-10-14
P0183,Frank,Gonzalez,Doctor 2,2023-10-14
P0185,Emma,Carter,Doctor 1,2023-10-14
P0297,Jason,Morris,Doctor 3,2023-10-14
P0319,Eric,Perez,Doctor 1,2023-10-14
P0430,Michelle,Collins,Doctor 3,2023-10-14
P0029,Andrew,Myers,Doctor 2,2023-10-15
P0309,Emma,Moore,Doctor 1,2023-10-15
P0385,Donald,Perez,Doctor 3,2023-10-15
P0087,Sarah,Patel,Doctor 1,2023-10-16
P0122,Richard,Taylor,Doctor 2,2023-10-16
P0261,Sarah,Morales,Doctor 1,2023-10-16
P0377,Anna,Brooks,Doctor 2,2023-10-16
P0477,Kimberly,Moore,Doctor 3,2023-10-16
P0481,Mark,Ramirez,Doctor 1,2023-10-16
P0078,Dennis,Diaz,Doctor 1,2023-10-17
P0139,Rebecca,Rivera,Doctor 1,2023-10-17
P0175,Sarah,Torres,Doctor 3,2023-10-17
P0238,Linda,Kelly,Doctor 2,2023-10-17
P0268,Michael,Allen,Doctor 1,2023-10-17
P0290,Betty,Wood,Doctor 1,2023-10-18
P0317,Ruth,Perez,Doctor 1,2023-10-18
P0483,Michael,Lee,Doctor 2,2023-10-18
P0041,Jennifer,Cruz,Doctor 2,2023-10-19
P0223,Charles,Gomez,Doctor 3,2023-10-19
P0374,Michael,Chavez,Doctor 3,2023-10-19
P0427,Jessica,Cox,Doctor 1,2023-10-19
P0044,Daniel,Garcia,Doctor 1,2023-10-20
P0067,Christopher,Martin,Doctor 2,2023-10-20
P0124,Aaron,Bailey,Doctor 1,2023-10-20
P0205,Charles,Bennett,Doctor 1,2023-10-20
P0300,Jack,Edwards,Doctor 2,2023-10-20
P0332,Christopher,Ortiz,Doctor 3,2023-10-20
P0375,Deborah,Castillo,Doctor 3,2023-10-20
P0383,Jessica,Baker,Doctor 1,2023-10-20
P0384,Charles,Rodriguez,Doctor 2,2023-10-20
P0024,Samuel,Hughes,Doctor 2,2023-10-21
P0107,Ruth,Lewis,Doctor 2,2023-10-21
P0124,Aaron,Bailey,Doctor 1,2023-10-21
P0248,Kathleen,Torres,Doctor 2,2023-10-21
P0281,Helen,Wood,Doctor 1,2023-10-21
P0410,Amy,Cook,Doctor 2,2023-10-21
P0433,Raymond,Davis,Doctor 2,2023-10-21
P0469,John,Chavez,Doctor 1,2023-10-21
P0474,Joshua,Harris,Doctor 1,2023-10-21
P0091,Patricia,Garcia,Doctor 1,2023-10-22
P0142,Sarah,Castillo,Doctor 2,2023-10-22
P0143,Karen,Gray,Doctor 2,2023-10-22
P0190,Larry,Perez,Doctor 1,2023-10-22
P0408,Brian,Williams,Doctor 3,2023-10-22
P0022,Michelle,Kelly,Doctor 2,2023-10-23
P0048,Christopher,Gonzalez,Doctor 1,2023-10-23
P0102,Sandra,Watson,Doctor 3,2023-10-23
P0103,Joseph,Martin,Doctor 3,2023-10-23
P0219,Sharon,Anderson,Doctor 3,2023-10-23
P0246,Kevin,Taylor,Doctor 3,2023-10-23
P0263,Benjamin,Lewis,Doctor 2,2023-10-23
P0285,Tyler,Torres,Doctor 3,2023-10-23
P0303,Dorothy,Mitchell,Doctor 3,2023-10-23
P0373,Shirley,Ortiz,Doctor 1,2023-10-23
P0386,Patricia,Peterson,Doctor 3,2023-10-23
P0027,Samuel,Lee,Doctor 1,2023-10-24
P0076,Aaron,Brown,Doctor 3,2023-10-24
P0095,Patrick,Howard,Doctor 3,2023-10-24
P0114,Tyler,Turner,Doctor 3,2023-10-24
P0139,Rebecca,Rivera,Doctor 1,2023-10-24
P0232,Joseph,Davis,Doctor 1,2023-10-24
P0316,Jose,Williams,Doctor 3,2023-10-24
P0405,Mary,Harris,Doctor 2,2023-10-24
P0482,Shirley,Reed,Doctor 1,2023-10-24
P0055,Carol,Kim,Doctor 2,2023-10-25
P0094,Mary,Roberts,Doctor 3,2023-10-25
P0152,Donna,Howard,Doctor 3,2023-10-25
P0223,Charles,Gomez,Doctor 3,2023-10-25
P0285,Tyler,Torres,Doctor 3,2023-10-25
P0292,Brian,Baker,Doctor 3,2023-10-25
P0437,Karen,Cox,Doctor 2,2023-10-25
P0453,Kimberly,Peterson,Doctor 3,2023-10-25
P0009,Angela,Cooper,Doctor 2,2023-10-26
P0058,Gary,Hill,Doctor 2,2023-10-26
P0169,Timothy,Carter,Doctor 1,2023-10-26
P0181,Dennis,Jones,Doctor 2,2023-10-26
P0235,Tyler,Perez,Doctor 3,2023-10-26
P0273,Barbara,Edwards,Doctor 1,2023-10-26
P0281,Helen,Wood,Doctor 1,2023-10-26
P0326,Michael,Ramirez,Doctor 3,2023-10-26
P0405,Mary,Harris,Doctor 2,2023-10-26
P0004,Joseph,Sanders,Doctor 3,2023-10-27
P0204,Scott,Rogers,Doctor 3,2023-10-27
P0221,Thomas,Martinez,Doctor 2,2023-10-27
P0246,Kevin,Taylor,Doctor 3,2023-10-27
P0381,Laura,Richardson,Doctor 1,2023-10-27
P0420,Jessica,Chavez,Doctor 3,2023-10-27
P0480,Rebecca,Chavez,Doctor 2,2023-10-27
P0480,Rebecca,Chavez,Doctor 2,2023-10-27
P0489,Ryan,Taylor,Doctor 2,2023-10-27
P0028,Joshua,Wilson,Doctor 3,2023-10-28
P0098,Samuel,Rogers,Doctor 3,2023-10-28
P0117,Brandon,Campbell,Doctor 3,2023-10-28
P0224,Patricia,Turner,Doctor 2,2023-10-28
P0295,Gary,Reed,Doctor 1,2023-10-28
P0339,Nancy,Diaz,Doctor 1,2023-10-28
P0371,Cynthia,Reed,Doctor 2,2023-10-28
P0416,Ruth,Lopez,Doctor 2,2023-10-28
P0488,Emma,Ortiz,Doctor 2,2023-10-28
P0001,Michael,Stewart,Doctor 2,2023-10-29
P0059,Ruth,White,Doctor 3,2023-10-29
P0065,Nancy,Ramos,Doctor 1,2023-10-29
P0074,Elizabeth,Gonzalez,Doctor 2,2023-10-29
P0141,Helen,Evans,Doctor 3,2023-10-29
P0245,Deborah,Reed,Doctor 3,2023-10-29
P0352,Joshua,Nguyen,Doctor 3,2023-10-29
P0384,Charles,Rodriguez,Doctor 2,2023-10-29
P0403,Michelle,Wright,Doctor 1,2023-10-29
P0020,Samuel,Taylor,Doctor 3,2023-10-30
P0094,Mary,Roberts,Doctor 3,2023-10-30
P0119,Jacob,Parker,Doctor 2,2023-10-30
P0155,Ryan,Lee,Doctor 2,2023-10-30
P0223,Charles,Gomez,Doctor 3,2023-10-30
P0234,Michelle,Roberts,Doctor 3,2023-10-30
P0238,Linda,Kelly,Doctor 2,2023-10-31
P0353,Andrew,Torres,Doctor 2,2023-10-31
P0357,Michael,Reed,Doctor 1,2023-10-31
P0390,Justin,Ortiz,Doctor 1,2023-10-31
P0431,Michelle,Jones,Doctor 3,2023-10-31
P0439,Alexander,Williams,Doctor 1,2023-10-31
P0008,Helen,Richardson,Doctor 2,2023-11-01
P0035,Jerry,Allen,Doctor 1,2023-11-01
P0230,Betty,Turner,Doctor 2,2023-11-01
P0241,Joshua,Richardson,Doctor 3,2023-11-01
P0283,Jason,Rogers,Doctor 3,2023-11-01
P0311,Michael,Ruiz,Doctor 3,2023-11-01
P0335,Aaron,Miller,Doctor 3,2023-11-01
P0337,Aaron,Baker,Doctor 1,2023-11-01
P0361,Gregory,Ramos,Doctor 2,2023-11-01
P0003,Larry,Nelson,Doctor 1,2023-11-02
P0025,Kimberly,Alvarez,Doctor 2,2023-11-02
P0035,Jerry,Allen,Doctor 1,2023-11-02
P0043,Susan,Howard,Doctor 3,2023-11-02
P0212,Aaron,Lee,Doctor 1,2023-11-02
P0228,Betty,Bailey,Doctor 1,2023-11-02
P0300,Jack,Edwards,Doctor 2,2023-11-02
P0465,Michelle,Williams,Doctor 1,2023-11-02
P0495,Ronald,Price,Doctor 3,2023-11-02
P0019,Jerry,Ward,Doctor 3,2023-11-03
P0097,Virginia,Richardson,Doctor 3,2023-11-03
P0128,Deborah,White,Doctor 1,2023-11-03
P0243,Michelle,King,Doctor 3,2023-11-03
P0294,Betty,Hughes,Doctor 1,2023-11-03
P0305,Joshua,Sanders,Doctor 3,2023-11-03
P0359,James,Edwards,Doctor 2,2023-11-03
P0397,Betty,Allen,Doctor 1,2023-11-03
P0431,Michelle,Jones,Doctor 3,2023-11-03
P0003,Larry,Nelson,Doctor 1,2023-11-04
P0037,Sarah,Edwards,Doctor 2,2023-11-04
P0065,Nancy,Ramos,Doctor 1,2023-11-04
P0107,Ruth,Lewis,Doctor 2,2023-11-04
P0116,Frank,Sanchez,Doctor 3,2023-11-04
P0136,Ryan,Cook,Doctor 1,2023-11-04
P0325,Laura,Turner,Doctor 1,2023-11-04
P0327,Nancy,Hughes,Doctor 3,2023-11-04
P0445,Deborah,Jones,Doctor 3,2023-11-04
P0450,Ryan,Morgan,Doctor 3,2023-11-04
P0471,Sharon,Cook,Doctor 2,2023-11-04
P0054,Edward,Wright,Doctor 1,2023-11-05
P0149,Lisa,Gomez,Doctor 3,2023-11-05
P0153,Sarah,Gutierrez,Doctor 2,2023-11-05
P0202,Brian,Watson,Doctor 2,2023-11-05
P0227,Stephen,Jackson,Doctor 2,2023-11-05
P0236,Eric,Carter,Doctor 1,2023-11-05
P0263,Benjamin,Lewis,Doctor 2,2023-11-05
P0378,Cynthia,Roberts,Doctor 2,2023-11-05
P0011,Tyler,Rivera,Doctor 1,2023-11-06
P0125,Daniel,Campbell,Doctor 3,2023-11-06
P0136,Ryan,Cook,Doctor 1,2023-11-06
P0387,Kenneth,Young,Doctor 3,2023-11-06
P0389,Sandra,Parker,Doctor 2,2023-11-06
P0393,Daniel,Brown,Doctor 2,2023-11-06
P0429,Steven,Mendoza,Doctor 2,2023-11-06
P0185,Emma,Carter,Doctor 1,2023-11-07
P0268,Michael,Allen,Doctor 1,2023-11-07
P0342,Tyler,Wilson,Doctor 3,2023-11-07
P0412,Laura,Scott,Doctor 3,2023-11-07
P0464,Elizabeth,Peterson,Doctor 2,2023-11-07
P0092,Jonathan,Jackson,Doctor 3,2023-11-08
P0150,Nancy,Bailey,Doctor 3,2023-11-08
P0248,Kathleen,Torres,Doctor 2,2023-11-08
P0428,Jacob,Garcia,Doctor 1,2023-11-08
P0431,Michelle,Jones,Doctor 3,2023-11-08
P0007,Michelle,Cooper,Doctor 2,2023-11-09
P0065,Nancy,Ramos,Doctor 1,2023-11-09
P0113,Melissa,Scott,Doctor 1,2023-11-09
P0365,Frank,Adams,Doctor 2,2023-11-09
P0397,Betty,Allen,Doctor 1,2023-11-09
P0088,Aaron,Jones,Doctor 2,2023-11-10
P0109,Shirley,James,Doctor 1,2023-11-10
P0195,Sharon,Ramirez,Doctor 3,2023-11-10
P0202,Brian,Watson,Doctor 2,2023-11-10
P0285,Tyler,Torres,Doctor 3,2023-11-10
P0401,Raymond,Wood,Doctor 3,2023-11-10
P0407,Justin,Mendoza,Doctor 2,2023-11-10
P0018,Stephen,Roberts,Doctor 1,2023-11-11
P0025,Kimberly,Alvarez,Doctor 2,2023-11-11
P0070,Brian,Wilson,Doctor 1,2023-11-11
P0110,Barbara,Cooper,Doctor 3,2023-11-11
P0224,Patricia,Turner,Doctor 2,2023-11-11
P0314,Kimberly,Castillo,Doctor 2,2023-11-11
P0495,Ronald,Price,Doctor 3,2023-11-11
P0021,John,Wright,Doctor 3,2023-11-12
P0192,James,Perez,Doctor 1,2023-11-12
P0313,Christopher,White,Doctor 1,2023-11-12
P0407,Justin,Mendoza,Doctor 2,2023-11-12
P0441,Ruth,Gutierrez,Doctor 1,2023-11-12
P0039,Karen,Wilson,Doctor 2,2023-11-13
P0048,Christopher,Gonzalez,Doctor 1,2023-11-13
P0051,Sarah,Cox,Doctor 2,2023-11-13
P0056,Mark,Ortiz,Doctor 1,2023-11-13
P0081,Carol,Murphy,Doctor 3,2023-11-13
P0132,Scott,Flores,Doctor 1,2023-11-13
P0200,Anna,Adams,Doctor 3,2023-11-13
P0219,Sharon,Anderson,Doctor 3,2023-11-13
P0257,Samuel,Miller,Doctor 2,2023-11-13
P0262,Sandra,Bailey,Doctor 3,2023-11-13
P0273,Barbara,Edwards,Doctor 1,2023-11-13
P0430,Michelle,Collins,Doctor 3,2023-11-13
P0017,Jacob,Thompson,Doctor 2,2023-11-14
P0045,Michael,Flores,Doctor 2,2023-11-14
P0073,Raymond,Mendoza,Doctor 3,2023-11-14
P0102,Sandra,Watson,Doctor 3,2023-11-14
P0311,Michael,Ruiz,Doctor 3,2023-11-14
P0314,Kimberly,Castillo,Doctor 2,2023-11-14
P0388,Jerry,Brooks,Doctor 2,2023-11-14
P0428,Jacob,Garcia,Doctor 1,2023-11-14
P0445,Deborah,Jones,Doctor 3,2023-11-14
P0471,Sharon,Cook,Doctor 2,2023-11-14
P0149,Lisa,Gomez,Doctor 3,2023-11-15
P0186,Larry,Baker,Doctor 3,2023-11-15
P0255,Michael,Alvarez,Doctor 3,2023-11-15
P0280,Daniel,Williams,Doctor 3,2023-11-15
P0016,Angela,Evans,Doctor 1,2023-11-16
P0099,Tyler,Nelson,Doctor 3,2023-11-16
P0159,Kevin,Wright,Doctor 1,2023-11-16
P0401,Raymond,Wood,Doctor 3,2023-11-16
P0417,Larry,Parker,Doctor 2,2023-11-16
P0018,Stephen,Roberts,Doctor 1,2023-11-17
P0138,Gregory,Gomez,Doctor 1,2023-11-17
P0199,Raymond,Baker,Doctor 3,2023-11-17
P0209,Brandon,Anderson,Doctor 1,2023-11-17
P0242,Shirley,Hall,Doctor 2,2023-11-17
P0459,Barbara,Kelly,Doctor 2,2023-11-17
P0480,Rebecca,Chavez,Doctor 2,2023-11-17
P0043,Susan,Howard,Doctor 3,2023-11-18
P0272,Melissa,Reyes,Doctor 3,2023-11-18
P0278,Gregory,Wilson,Doctor 2,2023-11-18
P0309,Emma,Moore,Doctor 1,2023-11-18
P0448,William,Lee,Doctor 1,2023-11-18
P0500,David,Rogers,Doctor 3,2023-11-18
P0210,Eric,Bailey,Doctor 1,2023-11-19
P0212,Aaron,Lee,Doctor 1,2023-11-19
P0444,Gary,Campbell,Doctor 3,2023-11-19
P0178,Jack,Sanchez,Doctor 3,2023-11-20
P0200,Anna,Adams,Doctor 3,2023-11-20
P0343,Jonathan,Collins,Doctor 1,2023-11-20
P0074,Elizabeth,Gonzalez,Doctor 2,2023-11-21
P0198,Mary,Parker,Doctor 3,2023-11-21
P0278,Gregory,Wilson,Doctor 2,2023-11-21
P0348,Michelle,Reyes,Doctor 3,2023-11-21
P0370,Melissa,Lee,Doctor 2,2023-11-21
P0412,Laura,Scott,Doctor 3,2023-11-21
P0497,Michael,Harris,Doctor 2,2023-11-21
P0499,Lisa,Rivera,Doctor 1,2023-11-21
P0441,Ruth,Gutierrez,Doctor 1,2023-11-22
P0452,Gary,Ward,Doctor 1,2023-11-22
P0467,George,Gray,Doctor 2,2023-11-22
P0495,Ronald,Price,Doctor 3,2023-11-22
P0010,Mary,Hall,Doctor 1,2023-11-23
P0019,Jerry,Ward,Doctor 3,2023-11-23
P0119,Jacob,Parker,Doctor 2,2023-11-23
P0130,Sharon,Miller,Doctor 3,2023-11-23
P0170,Anthony,Torres,Doctor 1,2023-11-23
P0194,Charles,Phillips,Doctor 2,2023-11-23
P0343,Jonathan,Collins,Doctor 1,2023-11-23
P0408,Brian,Williams,Doctor 3,2023-11-23
P0483,Michael,Lee,Doctor 2,2023-11-23
P0002,Patricia,Cook,Doctor 3,2023-11-24
P0017,Jacob,Thompson,Doctor 2,2023-11-24
P0028,Joshua,Wilson,Doctor 3,2023-11-24
P0084,Emma,Rodriguez,Doctor 1,2023-11-24
P0135,Virginia,James,Doctor 1,2023-11-24
P0190,Larry,Perez,Doctor 1,2023-11-24
P0201,Karen,Castillo,Doctor 2,2023-11-24
P0233,Sandra,Robinson,Doctor 3,2023-11-24
P0279,Jose,Martin,Doctor 2,2023-11-24
P0319,Eric,Perez,Doctor 1,2023-11-24
P0336,Patrick,Wright,Doctor 3,2023-11-24
P0341,Jacob,Stewart,Doctor 2,2023-11-24
P0349,Carol,Robinson,Doctor 2,2023-11-24
P0383,Jessica,Baker,Doctor 1,2023-11-24
P0439,Alexander,Williams,Doctor 1,2023-11-24
P0459,Barbara,Kelly,Doctor 2,2023-11-24
P0014,Donald,Hernandez,Doctor 1,2023-11-25
P0031,Donna,Edwards,Doctor 2,2023-11-25
P0036,Shirley,Reyes,Doctor 1,2023-11-25
P0120,Kevin,Adams,Doctor 3,2023-11-25
P0194,Charles,Phillips,Doctor 2,2023-11-25
P0230,Betty,Turner,Doctor 2,2023-11-25
P0247,Patrick,Morgan,Doctor 2,2023-11-25
P0316,Jose,Williams,Doctor 3,2023-11-25
P0092,Jonathan,Jackson,Doctor 3,2023-11-26
P0138,Gregory,Gomez,Doctor 1,2023-11-26
P0176,Stephen,Chavez,Doctor 1,2023-11-26
P0286,Susan,Morris,Doctor 2,2023-11-26
P0338,Laura,Taylor,Doctor 1,2023-11-27
P0343,Jonathan,Collins,Doctor 1,2023-11-27
P0500,David,Rogers,Doctor 3,2023-11-27
P0077,Justin,Wilson,Doctor 1,2023-11-28
P0086,Sandra,Taylor,Doctor 2,2023-11-28
P0138,Gregory,Gomez,Doctor 1,2023-11-28
P0295,Gary,Reed,Doctor 1,2023-11-28
P0316,Jose,Williams,Doctor 3,2023-11-28
P0475,Scott,Martin,Doctor 2,2023-11-28
P0496,Nancy,Nelson,Doctor 3,2023-11-28
P0029,Andrew,Myers,Doctor 2,2023-11-29
P0052,Deborah,Brown,Doctor 3,2023-11-29
P0196,Alexander,Davis,Doctor 3,2023-11-29
P0270,George,Sanchez,Doctor 3,2023-11-29
P0380,Brenda,Rodriguez,Doctor 1,2023-11-29
P0411,Jessica,Thomas,Doctor 1,2023-11-29
P0478,James,Harris,Doctor 2,2023-11-29
P0196,Alexander,Davis,Doctor 3,2023-11-30
P0263,Benjamin,Lewis,Doctor 2,2023-11-30
P0310,Deborah,Smith,Doctor 3,2023-11-30
P0459,Barbara,Kelly,Doctor 2,2023-11-30
P0479,Deborah,Chavez,Doctor 1,2023-11-30
P0025,Kimberly,Alvarez,Doctor 2,2023-12-01
P0030,Amy,Wilson,Doctor 1,2023-12-01
P0046,Deborah,Perez,Doctor 3,2023-12-01
P0168,Donna,Martinez,Doctor 2,2023-12-01
P0228,Betty,Bailey,Doctor 1,2023-12-01
P0369,Patrick,Cruz,Doctor 2,2023-12-01
P0015,Carol,Adams,Doctor 1,2023-12-02
P0019,Jerry,Ward,Doctor 3,2023-12-02
P0031,Donna,Edwards,Doctor 2,2023-12-02
P0111,Kimberly,Morgan,Doctor 1,2023-12-02
P0241,Joshua,Richardson,Doctor 3,2023-12-02
P0282,Dorothy,Alvarez,Doctor 3,2023-12-02
P0312,Sandra,Cox,Doctor 2,2023-12-02
P0353,Andrew,Torres,Doctor 2,2023-12-02
P0438,Alexander,Lee,Doctor 1,2023-12-02
P0449,Laura,Gonzalez,Doctor 2,2023-12-02
P0062,Michael,Garcia,Doctor 1,2023-12-03
P0081,Carol,Murphy,Doctor 3,2023-12-03
P0102,Sandra,Watson,Doctor 3,2023-12-03
P0250,Sarah,Thompson,Doctor 2,2023-12-03
P0308,Kimberly,Baker,Doctor 2,2023-12-03
P0346,John,Nelson,Doctor 1,2023-12-03
P0030,Amy,Wilson,Doctor 1,2023-12-04
P0142,Sarah,Castillo,Doctor 2,2023-12-04
P0168,Donna,Martinez,Doctor 2,2023-12-04
P0203,Rebecca,Wood,Doctor 1,2023-12-04
P0245,Deborah,Reed,Doctor 3,2023-12-04
P0266,Ronald,Howard,Doctor 2,2023-12-04
P0421,Ruth,Parker,Doctor 1,2023-12-04
P0473,Frank,Lee,Doctor 2,2023-12-04
P0254,Deborah,Edwards,Doctor 3,2023-12-05
P0259,Shirley,Rivera,Doctor 3,2023-12-05
P0349,Carol,Robinson,Doctor 2,2023-12-05
P0373,Shirley,Ortiz,Doctor 1,2023-12-05
P0042,Michelle,Gomez,Doctor 1,2023-12-06
P0050,Helen,Clark,Doctor 2,2023-12-06
P0076,Aaron,Brown,Doctor 3,2023-12-06
P0101,Gary,Clark,Doctor 3,2023-12-06
P0193,Michael,Phillips,Doctor 1,2023-12-06
P0310,Deborah,Smith,Doctor 3,2023-12-06
P0436,Joshua,Mendoza,Doctor 1,2023-12-06
P0049,James,Murphy,Doctor 3,2023-12-07
P0079,Gregory,Morgan,Doctor 2,2023-12-07
P0106,Virginia,Anderson,Doctor 1,2023-12-07
P0118,Thomas,Diaz,Doctor 1,2023-12-07
P0144,Ronald,Adams,Doctor 1,2023-12-07
P0350,Lisa,Baker,Doctor 3,2023-12-07
P0207,Justin,Nelson,Doctor 1,2023-12-08
P0240,Melissa,Phillips,Doctor 1,2023-12-08
P0269,Elizabeth,Moore,Doctor 3,2023-12-08
P0002,Patricia,Cook,Doctor 3,2023-12-09
P0004,Joseph,Sanders,Doctor 3,2023-12-09
P0076,Aaron,Brown,Doctor 3,2023-12-09
P0345,Deborah,Allen,Doctor 1,2023-12-09
P0352,Joshua,Nguyen,Doctor 3,2023-12-09
P0368,Sarah,Wilson,Doctor 3,2023-12-09
P0381,Laura,Richardson,Doctor 1,2023-12-09
P0078,Dennis,Diaz,Doctor 1,2023-12-10
P0320,Kimberly,Hill,Doctor 3,2023-12-10
P0445,Deborah,Jones,Doctor 3,2023-12-10
P0462,Linda,Sanchez,Doctor 3,2023-12-10
P0042,Michelle,Gomez,Doctor 1,2023-12-11
P0169,Timothy,Carter,Doctor 1,2023-12-11
P0361,Gregory,Ramos,Doctor 2,2023-12-11
P0104,Justin,Sanders,Doctor 1,2023-12-12
P0133,Nancy,Hill,Doctor 3,2023-12-12
P0350,Lisa,Baker,Doctor 3,2023-12-12
P0398,Barbara,Cox,Doctor 3,2023-12-12
P0035,Jerry,Allen,Doctor 1,2023-12-13
P0091,Patricia,Garcia,Doctor 1,2023-12-13
P0147,Scott,Walker,Doctor 3,2023-12-13
P0313,Christopher,White,Doctor 1,2023-12-13
P0040,Michelle,Hill,Doctor 2,2023-12-14
P0048,Christopher,Gonzalez,Doctor 1,2023-12-14
P0066,Kathleen,Reyes,Doctor 2,2023-12-14
P0288,Jennifer,Wood,Doctor 2,2023-12-14
P0330,Charles,Rivera,Doctor 3,2023-12-14
P0376,Donald,Hughes,Doctor 1,2023-12-14
P0038,Aaron,Patel,Doctor 3,2023-12-15
P0084,Emma,Rodriguez,Doctor 1,2023-12-15
P0198,Mary,Parker,Doctor 3,2023-12-15
P0250,Sarah,Thompson,Doctor 2,2023-12-15
P0408,Brian,Williams,Doctor 3,2023-12-15
P0456,Jack,Johnson,Doctor 3,2023-12-15
P0001,Michael,Stewart,Doctor 2,2023-12-16
P0024,Samuel,Hughes,Doctor 2,2023-12-16
P0062,Michael,Garcia,Doctor 1,2023-12-16
P0097,Virginia,Richardson,Doctor 3,2023-12-16
P0154,Michelle,Carter,Doctor 1,2023-12-16
P0159,Kevin,Wright,Doctor 1,2023-12-16
P0194,Charles,Phillips,Doctor 2,2023-12-16
P0475,Scott,Martin,Doctor 2,2023-12-16
P0009,Angela,Cooper,Doctor 2,2023-12-17
P0054,Edward,Wright,Doctor 1,2023-12-17
P0056,Mark,Ortiz,Doctor 1,2023-12-17
P0059,Ruth,White,Doctor 3,2023-12-17
P0097,Virginia,Richardson,Doctor 3,2023-12-17
P0117,Brandon,Campbell,Doctor 3,2023-12-17
P0133,Nancy,Hill,Doctor 3,2023-12-17
P0160,Deborah,Flores,Doctor 2,2023-12-17
P0166,Donna,Cook,Doctor 2,2023-12-17
P0207,Justin,Nelson,Doctor 1,2023-12-17
P0291,Kathleen,Reed,Doctor 1,2023-12-17
P0473,Frank,Lee,Doctor 2,2023-12-17
P0025,Kimberly,Alvarez,Doctor 2,2023-12-18
P0026,Patricia,Flores,Doctor 3,2023-12-18
P0206,Jessica,Edwards,Doctor 3,2023-12-18
P0293,Sandra,Turner,Doctor 2,2023-12-18
P0415,George,Rodriguez,Doctor 2,2023-12-18
P0074,Elizabeth,Gonzalez,Doctor 2,2023-12-19
P0089,Rebecca,Rogers,Doctor 3,2023-12-19
P0120,Kevin,Adams,Doctor 3,2023-12-19
P0183,Frank,Gonzalez,Doctor 2,2023-12-19
P0286,Susan,Morris,Doctor 2,2023-12-19
P0303,Dorothy,Mitchell,Doctor 3,2023-12-19
P0399,Lisa,Wilson,Doctor 2,2023-12-19
P0444,Gary,Campbell,Doctor 3,2023-12-19
P0032,Jeffrey,Martinez,Doctor 1,2023-12-20
P0086,Sandra,Taylor,Doctor 2,2023-12-20
P0139,Rebecca,Rivera,Doctor 1,2023-12-20
P0218,Cynthia,Cooper,Doctor 2,2023-12-20
P0268,Michael,Allen,Doctor 1,2023-12-20
P0307,Sarah,Scott,Doctor 3,2023-12-20
P0317,Ruth,Perez,Doctor 1,2023-12-20
P0318,Joseph,Diaz,Doctor 2,2023-12-20
P0374,Michael,Chavez,Doctor 3,2023-12-20
P0402,Jose,Jackson,Doctor 2,2023-12-20
P0404,Lisa,Price,Doctor 3,2023-12-20
P0285,Tyler,Torres,Doctor 3,2023-12-21
P0011,Tyler,Rivera,Doctor 1,2023-12-22
P0020,Samuel,Taylor,Doctor 3,2023-12-22
P0043,Susan,Howard,Doctor 3,2023-12-22
P0134,George,James,Doctor 2,2023-12-22
P0169,Timothy,Carter,Doctor 1,2023-12-22
P0190,Larry,Perez,Doctor 1,2023-12-22
P0331,Anna,Alvarez,Doctor 2,2023-12-22
P0423,Elizabeth,Brooks,Doctor 3,2023-12-22
P0458,Alexander,Kim,Doctor 3,2023-12-22
P0016,Angela,Evans,Doctor 1,2023-12-23
P0032,Jeffrey,Martinez,Doctor 1,2023-12-23
P0068,Rebecca,Gonzalez,Doctor 3,2023-12-23
P0231,Mary,Morales,Doctor 2,2023-12-23
P0387,Kenneth,Young,Doctor 3,2023-12-23
P0470,Larry,Edwards,Doctor 3,2023-12-23
P0125,Daniel,Campbell,Doctor 3,2023-12-24
P0303,Dorothy,Mitchell,Doctor 3,2023-12-24
P0381,Laura,Richardson,Doctor 1,2023-12-24
P0419,Jack,Lee,Doctor 3,2023-12-24
P0462,Linda,Sanchez,Doctor 3,2023-12-24
P0030,Amy,Wilson,Doctor 1,2023-12-25
P0061,Joshua,Castillo,Doctor 3,2023-12-25
P0151,Thomas,Thomas,Doctor 1,2023-12-25
P0206,Jessica,Edwards,Doctor 3,2023-12-25
P0346,John,Nelson,Doctor 1,2023-12-25
P0009,Angela,Cooper,Doctor 2,2023-12-26
P0050,Helen,Clark,Doctor 2,2023-12-26
P0257,Samuel,Miller,Doctor 2,2023-12-26
P0288,Jennifer,Wood,Doctor 2,2023-12-26
P0382,Jose,Murphy,Doctor 2,2023-12-26
P0417,Larry,Parker,Doctor 2,2023-12-26
P0029,Andrew,Myers,Doctor 2,2023-12-27
P0284,Rebecca,Hall,Doctor 3,2023-12-27
P0293,Sandra,Turner,Doctor 2,2023-12-27
P0336,Patrick,Wright,Doctor 3,2023-12-27
P0340,Tyler,Garcia,Doctor 3,2023-12-27
P0492,Ruth,Patel,Doctor 2,2023-12-27
P0492,Ruth,Patel,Doctor 2,2023-12-27
P0214,Amy,Sanchez,Doctor 2,2023-12-28
P0302,Ronald,Morris,Doctor 3,2023-12-28
P0364,William,Brown,Doctor 1,2023-12-28
P0086,Sandra,Taylor,Doctor 2,2023-12-29
P0091,Patricia,Garcia,Doctor 1,2023-12-29
P0166,Donna,Cook,Doctor 2,2023-12-29
P0170,Anthony,Torres,Doctor 1,2023-12-29
P0208,Andrew,Carter,Doctor 3,2023-12-29
P0306,Sarah,Hill,Doctor 2,2023-12-29
P0477,Kimberly,Moore,Doctor 3,2023-12-29
P0014,Donald,Hernandez,Doctor 1,2023-12-30
P0061,Joshua,Castillo,Doctor 3,2023-12-30
P0157,Angela,Nelson,Doctor 1,2023-12-30
P0190,Larry,Perez,Doctor 1,2023-12-30
P0279,Jose,Martin,Doctor 2,2023-12-30
P0280,Daniel,Williams,Doctor 3,2023-12-30
P0421,Ruth,Parker,Doctor 1,2023-12-30